[12may2026 22:50:44.327] [main/INFO] [cpw.mods.modlauncher.Launcher/MODLAUNCHER]: ModLauncher running: args [--launchTarget, forgeclientuserdev, --version, 21.1.87, --assetIndex, asset-index, --assetsDir, C:\\Users\\sebas\\OneDrive\\Escritorio\\code folder sigma\\forge-1.20.1-47.2.0-mdk\\.gradle\\8.5\\caches\\minecraft\\assets, --gameDir, ., --fml.neoForgeVersion, 21.1.87, --fml.fmlVersion, 4.0.34, --fml.mcVersion, 1.21.1, --fml.neoFormVersion, 20240808.144430]
[12may2026 22:50:44.345] [main/INFO] [cpw.mods.modlauncher.Launcher/MODLAUNCHER]: JVM identified as Eclipse Adoptium OpenJDK 64-Bit Server VM 21.0.6+7-LTS
[12may2026 22:50:44.353] [main/INFO] [cpw.mods.modlauncher.Launcher/MODLAUNCHER]: ModLauncher 11.0.4+main.d2e20e43 starting: java version 21.0.6 by Eclipse Adoptium; OS Windows 11 arch amd64 version 10.0
[12may2026 22:50:44.702] [main/INFO] [net.neoforged.fml.loading.ImmediateWindowHandler/]: Loading ImmediateWindowProvider fmlearlywindow
[12may2026 22:50:45.591] [main/INFO] [EARLYDISPLAY/]: Trying GL version 4.6
[12may2026 22:50:46.863] [main/INFO] [EARLYDISPLAY/]: Requested GL version 4.6 got version 4.6
[12may2026 22:50:47.335] [main/INFO] [mixin/]: SpongePowered MIXIN Subsystem Version=0.8.7 Source=union:/C:/Users/sebas/OneDrive/Escritorio/code%20folder%20sigma/forge-1.20.1-47.2.0-mdk/.gradle/8.5/caches/modules-2/files-2.1/net.fabricmc/sponge-mixin/0.15.2+mixin.0.8.7/2af2f021d8e02a0220dc27a7a72b4666d66d44ca/sponge-mixin-0.15.2+mixin.0.8.7.jar%23135!/ Service=ModLauncher Env=CLIENT
[12may2026 22:50:47.789] [main/INFO] [net.neoforged.fml.loading.moddiscovery.ModDiscoverer/SCAN]: Found mod file "neoforge-21.1.87.jar" [locator: neoforge devenv provider ([C:\Users\sebas\Videos\1.21.1  project\Blood_and_Ferrum_1.21.1\.gradle\repositories\ng_dummy_ng\net\neoforged\neoforge\21.1.87\neoforge-21.1.87.jar])]
[12may2026 22:50:47.854] [main/INFO] [net.neoforged.fml.loading.moddiscovery.ModDiscoverer/SCAN]: Found mod file "neoforge-21.1.87.jar" [locator: neoforge devenv provider ([C:\Users\sebas\Videos\1.21.1  project\Blood_and_Ferrum_1.21.1\.gradle\repositories\ng_dummy_ng\net\neoforged\neoforge\21.1.87\neoforge-21.1.87.jar])]
[12may2026 22:50:47.882] [main/ERROR] [net.neoforged.fml.loading.moddiscovery.ModInfo/FATAL]: Invalid modId found in file C:\Users\sebas\Videos\1.21.1  project\Blood_and_Ferrum_1.21.1\build\resources\main - ${mod_id} does not match the standard: ^[a-z][a-z0-9_]{1,63}$
[12may2026 22:50:47.908] [main/INFO] [net.neoforged.fml.loading.moddiscovery.ModDiscoverer/SCAN]: Found mod file "neoforge-21.1.87.jar" [locator: userdev mods and services, reader: mod manifest]
[12may2026 22:50:47.930] [main/INFO] [net.neoforged.fml.loading.moddiscovery.ModDiscoverer/SCAN]: Found mod file "geckolib-neoforge-1.21.1-4.8.3.jar" [locator: userdev mods and services, reader: mod manifest]
[12may2026 22:50:48.014] [pool-2-thread-1/INFO] [EARLYDISPLAY/]: GL info: Intel(R) Iris(R) Xe Graphics GL version 4.6.0 - Build 31.0.101.4314, Intel
[12may2026 22:50:48.386] [main/INFO] [net.neoforged.fml.loading.moddiscovery.ModDiscoverer/SCAN]: Found gamelibrary file "mixinextras-neoforge-0.4.1.jar" [locator: userdev mods and services, reader: mod manifest]
[12may2026 22:50:48.879] [main/WARN] [net.neoforged.jarjar.selection.JarSelector/]: Attempted to select a dependency jar for JarJar which was passed in as source: library:mixinextras.neoforge. Using Mod File: C:\Users\sebas\OneDrive\Escritorio\code folder sigma\forge-1.20.1-47.2.0-mdk\.gradle\8.5\caches\modules-2\files-2.1\io.github.llamalad7\mixinextras-neoforge\0.4.1\eff97772ecd0dcf8e52cdbafd3b3ccec425f8314\mixinextras-neoforge-0.4.1.jar
[12may2026 22:50:48.879] [main/INFO] [net.neoforged.fml.loading.moddiscovery.locators.JarInJarDependencyLocator/]: Found 1 dependencies adding them to mods collection
[12may2026 22:50:48.884] [main/INFO] [net.neoforged.fml.loading.moddiscovery.ModDiscoverer/SCAN]: Found library file "neoforge-coremods-21.1.87.jar" [parent: neoforge-21.1.87.jar, locator: jarinjar, reader: mod manifest]
[12may2026 22:50:48.891] [main/INFO] [net.neoforged.fml.loading.moddiscovery.ModDiscoverer/]: 
     Mod List:
		Name Version (Mod Id)

		GeckoLib 4 4.8.3 (geckolib)
		Minecraft 1.21.1 (minecraft)
		NeoForge 21.1.87 (neoforge)
[12may2026 22:50:49.125] [main/ERROR] [net.neoforged.fml.loading.ModSorter/LOADING]: Missing or unsupported mandatory dependencies:
	Mod ID: 'neoforge', Requested by: 'geckolib', Expected range: '[21.1.150,)', Actual version: '21.1.87'
[12may2026 22:50:50.131] [main/INFO] [cpw.mods.modlauncher.LaunchServiceHandler/MODLAUNCHER]: Launching target 'forgeclientuserdev' with arguments [--version, 21.1.87, --gameDir, ., --assetsDir, C:\Users\sebas\OneDrive\Escritorio\code folder sigma\forge-1.20.1-47.2.0-mdk\.gradle\8.5\caches\minecraft\assets, --assetIndex, asset-index]
[12may2026 22:50:55.975] [Datafixer Bootstrap/INFO] [com.mojang.datafixers.DataFixerBuilder/]: 229 Datafixer optimizations took 1011 milliseconds
[12may2026 22:50:56.869] [pool-6-thread-1/INFO] [MixinExtras|Service/]: Initializing MixinExtras via com.llamalad7.mixinextras.service.MixinExtrasServiceImpl(version=0.4.1).
[12may2026 22:51:09.601] [main/WARN] [net.minecraft.commands.Commands/]: Ambiguity between arguments [teleport, location] and [teleport, destination] with inputs: [0.1 -0.5 .9, 0 0 0]
[12may2026 22:51:09.607] [main/WARN] [net.minecraft.commands.Commands/]: Ambiguity between arguments [teleport, location] and [teleport, targets] with inputs: [0.1 -0.5 .9, 0 0 0]
[12may2026 22:51:09.614] [main/WARN] [net.minecraft.commands.Commands/]: Ambiguity between arguments [teleport, destination] and [teleport, targets] with inputs: [Player, 0123, @e, dd12be42-52a9-4a91-a8a1-11c01849e498]
[12may2026 22:51:09.616] [main/WARN] [net.minecraft.commands.Commands/]: Ambiguity between arguments [teleport, targets] and [teleport, destination] with inputs: [Player, 0123, dd12be42-52a9-4a91-a8a1-11c01849e498]
[12may2026 22:51:09.618] [main/WARN] [net.minecraft.commands.Commands/]: Ambiguity between arguments [teleport, targets, location] and [teleport, targets, destination] with inputs: [0.1 -0.5 .9, 0 0 0]
[12may2026 22:51:10.019] [Render thread/WARN] [net.minecraft.server.packs.VanillaPackResourcesBuilder/]: Assets URL 'union:/C:/Users/sebas/Videos/1.21.1%20%20project/Blood_and_Ferrum_1.21.1/.gradle/repositories/ng_dummy_ng/net/neoforged/neoforge/21.1.87/neoforge-21.1.87.jar%23189!/assets/.mcassetsroot' uses unexpected schema
[12may2026 22:51:10.020] [Render thread/WARN] [net.minecraft.server.packs.VanillaPackResourcesBuilder/]: Assets URL 'union:/C:/Users/sebas/Videos/1.21.1%20%20project/Blood_and_Ferrum_1.21.1/.gradle/repositories/ng_dummy_ng/net/neoforged/neoforge/21.1.87/neoforge-21.1.87.jar%23189!/data/.mcassetsroot' uses unexpected schema
[12may2026 22:51:10.132] [Render thread/INFO] [com.mojang.authlib.yggdrasil.YggdrasilAuthenticationService/]: Environment: Environment[sessionHost=https://sessionserver.mojang.com, servicesHost=https://api.minecraftservices.com, name=PROD]
[12may2026 22:51:10.187] [Render thread/INFO] [net.minecraft.client.Minecraft/]: Setting user: Dev
[12may2026 22:51:10.387] [Render thread/INFO] [net.minecraft.client.Minecraft/]: Backend library: LWJGL version 3.3.3+5
[12may2026 22:51:10.907] [Render thread/FATAL] [net.neoforged.fml.ModLoader/CORE]: Error during pre-loading phase: File C:\Users\sebas\Videos\1.21.1  project\Blood_and_Ferrum_1.21.1\build\resources\main is not a valid mod file
net.neoforged.neoforgespi.locating.InvalidModFileException: Invalid modId found : ${mod_id} (main)
	at MC-BOOTSTRAP/fml_loader@4.0.34/net.neoforged.fml.loading.moddiscovery.ModInfo.<init>(ModInfo.java:62) ~[loader-4.0.34.jar%23143!/:4.0]
	at MC-BOOTSTRAP/fml_loader@4.0.34/net.neoforged.fml.loading.moddiscovery.ModFileInfo.lambda$new$2(ModFileInfo.java:91) ~[loader-4.0.34.jar%23143!/:4.0]
	at java.base/java.util.stream.ReferencePipeline$3$1.accept(ReferencePipeline.java:197) ~[?:?]
	at java.base/java.util.ArrayList$ArrayListSpliterator.forEachRemaining(ArrayList.java:1708) ~[?:?]
	at java.base/java.util.stream.AbstractPipeline.copyInto(AbstractPipeline.java:509) ~[?:?]
	at java.base/java.util.stream.AbstractPipeline.wrapAndCopyInto(AbstractPipeline.java:499) ~[?:?]
	at java.base/java.util.stream.AbstractPipeline.evaluate(AbstractPipeline.java:575) ~[?:?]
	at java.base/java.util.stream.AbstractPipeline.evaluateToArrayNode(AbstractPipeline.java:260) ~[?:?]
	at java.base/java.util.stream.ReferencePipeline.toArray(ReferencePipeline.java:616) ~[?:?]
	at java.base/java.util.stream.ReferencePipeline.toArray(ReferencePipeline.java:622) ~[?:?]
	at java.base/java.util.stream.ReferencePipeline.toList(ReferencePipeline.java:627) ~[?:?]
	at MC-BOOTSTRAP/fml_loader@4.0.34/net.neoforged.fml.loading.moddiscovery.ModFileInfo.<init>(ModFileInfo.java:92) ~[loader-4.0.34.jar%23143!/:4.0]
	at MC-BOOTSTRAP/fml_loader@4.0.34/net.neoforged.fml.loading.moddiscovery.ModFileParser.modsTomlParser(ModFileParser.java:54) ~[loader-4.0.34.jar%23143!/:4.0]
	at MC-BOOTSTRAP/fml_loader@4.0.34/net.neoforged.fml.loading.moddiscovery.ModFileParser.readModList(ModFileParser.java:35) ~[loader-4.0.34.jar%23143!/:4.0]
	at MC-BOOTSTRAP/fml_loader@4.0.34/net.neoforged.fml.loading.moddiscovery.ModFile.<init>(ModFile.java:77) ~[loader-4.0.34.jar%23143!/:4.0]
	at MC-BOOTSTRAP/fml_loader@4.0.34/net.neoforged.fml.loading.moddiscovery.ModFile.<init>(ModFile.java:66) ~[loader-4.0.34.jar%23143!/:4.0]
	at MC-BOOTSTRAP/fml_loader@4.0.34/net.neoforged.fml.loading.moddiscovery.readers.JarModsDotTomlModFileReader.createModFile(JarModsDotTomlModFileReader.java:45) ~[loader-4.0.34.jar%23143!/:4.0]
	at MC-BOOTSTRAP/fml_loader@4.0.34/net.neoforged.fml.loading.moddiscovery.readers.JarModsDotTomlModFileReader.read(JarModsDotTomlModFileReader.java:88) ~[loader-4.0.34.jar%23143!/:4.0]
	at MC-BOOTSTRAP/fml_loader@4.0.34/net.neoforged.fml.loading.moddiscovery.ModDiscoverer$DiscoveryPipeline.addJarContent(ModDiscoverer.java:223) ~[loader-4.0.34.jar%23143!/:4.0]
	at MC-BOOTSTRAP/fml_loader@4.0.34/net.neoforged.fml.loading.moddiscovery.ModDiscoverer$DiscoveryPipeline.addPath(ModDiscoverer.java:200) ~[loader-4.0.34.jar%23143!/:4.0]
	at MC-BOOTSTRAP/fml_loader@4.0.34/net.neoforged.fml.loading.moddiscovery.locators.UserdevLocator.findCandidates(UserdevLocator.java:34) ~[loader-4.0.34.jar%23143!/:4.0]
	at MC-BOOTSTRAP/fml_loader@4.0.34/net.neoforged.fml.loading.moddiscovery.ModDiscoverer.discoverMods(ModDiscoverer.java:73) ~[loader-4.0.34.jar%23143!/:4.0]
	at MC-BOOTSTRAP/fml_loader@4.0.34/net.neoforged.fml.loading.FMLLoader.beginModScan(FMLLoader.java:125) ~[loader-4.0.34.jar%23143!/:4.0]
	at MC-BOOTSTRAP/fml_loader@4.0.34/net.neoforged.fml.loading.FMLServiceProvider.beginScanning(FMLServiceProvider.java:84) ~[loader-4.0.34.jar%23143!/:4.0]
	at MC-BOOTSTRAP/cpw.mods.modlauncher@11.0.4/cpw.mods.modlauncher.TransformationServiceDecorator.runScan(TransformationServiceDecorator.java:97) ~[modlauncher-11.0.4.jar%23125!/:?]
	at MC-BOOTSTRAP/cpw.mods.modlauncher@11.0.4/cpw.mods.modlauncher.TransformationServicesHandler.lambda$runScanningTransformationServices$7(TransformationServicesHandler.java:94) ~[modlauncher-11.0.4.jar%23125!/:?]
	at java.base/java.util.stream.ReferencePipeline$3$1.accept(ReferencePipeline.java:197) ~[?:?]
	at java.base/java.util.HashMap$ValueSpliterator.forEachRemaining(HashMap.java:1787) ~[?:?]
	at java.base/java.util.stream.AbstractPipeline.copyInto(AbstractPipeline.java:509) ~[?:?]
	at java.base/java.util.stream.AbstractPipeline.wrapAndCopyInto(AbstractPipeline.java:499) ~[?:?]
	at java.base/java.util.stream.AbstractPipeline.evaluate(AbstractPipeline.java:575) ~[?:?]
	at java.base/java.util.stream.AbstractPipeline.evaluateToArrayNode(AbstractPipeline.java:260) ~[?:?]
	at java.base/java.util.stream.ReferencePipeline.toArray(ReferencePipeline.java:616) ~[?:?]
	at java.base/java.util.stream.ReferencePipeline.toArray(ReferencePipeline.java:622) ~[?:?]
	at java.base/java.util.stream.ReferencePipeline.toList(ReferencePipeline.java:627) ~[?:?]
	at MC-BOOTSTRAP/cpw.mods.modlauncher@11.0.4/cpw.mods.modlauncher.TransformationServicesHandler.runScanningTransformationServices(TransformationServicesHandler.java:96) ~[modlauncher-11.0.4.jar%23125!/:?]
	at MC-BOOTSTRAP/cpw.mods.modlauncher@11.0.4/cpw.mods.modlauncher.TransformationServicesHandler.initializeTransformationServices(TransformationServicesHandler.java:50) ~[modlauncher-11.0.4.jar%23125!/:?]
	at MC-BOOTSTRAP/cpw.mods.modlauncher@11.0.4/cpw.mods.modlauncher.Launcher.run(Launcher.java:84) [modlauncher-11.0.4.jar%23125!/:?]
	at MC-BOOTSTRAP/cpw.mods.modlauncher@11.0.4/cpw.mods.modlauncher.Launcher.main(Launcher.java:74) [modlauncher-11.0.4.jar%23125!/:?]
	at MC-BOOTSTRAP/cpw.mods.modlauncher@11.0.4/cpw.mods.modlauncher.BootstrapLaunchConsumer.accept(BootstrapLaunchConsumer.java:26) [modlauncher-11.0.4.jar%23125!/:?]
	at MC-BOOTSTRAP/cpw.mods.modlauncher@11.0.4/cpw.mods.modlauncher.BootstrapLaunchConsumer.accept(BootstrapLaunchConsumer.java:23) [modlauncher-11.0.4.jar%23125!/:?]
	at cpw.mods.bootstraplauncher@2.0.2/cpw.mods.bootstraplauncher.BootstrapLauncher.run(BootstrapLauncher.java:210) [bootstraplauncher-2.0.2.jar:?]
	at cpw.mods.bootstraplauncher@2.0.2/cpw.mods.bootstraplauncher.BootstrapLauncher.main(BootstrapLauncher.java:69) [bootstraplauncher-2.0.2.jar:?]
[12may2026 22:51:10.924] [Render thread/FATAL] [net.neoforged.fml.ModLoader/CORE]: Error during pre-loading phase: Mod geckolib requires neoforge 21.1.150 or above
Currently, neoforge is 21.1.87

[12may2026 22:51:11.533] [Render thread/ERROR] [net.neoforged.fml.ModLoader/]: Cowardly refusing to send event net.neoforged.neoforge.client.event.sound.SoundEngineLoadEvent to a broken mod state
[12may2026 22:51:11.971] [Render thread/ERROR] [net.neoforged.fml.ModLoader/]: Cowardly refusing to send event net.neoforged.neoforge.client.event.RegisterColorHandlersEvent$Block to a broken mod state
[12may2026 22:51:11.976] [Render thread/ERROR] [net.neoforged.fml.ModLoader/]: Cowardly refusing to send event net.neoforged.neoforge.client.event.RegisterColorHandlersEvent$Item to a broken mod state
[12may2026 22:51:12.012] [Render thread/ERROR] [net.neoforged.fml.ModLoader/]: Cowardly refusing to send event net.neoforged.neoforge.client.event.RegisterMaterialAtlasesEvent to a broken mod state
[12may2026 22:51:12.144] [Render thread/ERROR] [net.neoforged.fml.ModLoader/]: Cowardly refusing to send event net.neoforged.neoforge.client.event.RegisterRenderBuffersEvent to a broken mod state
[12may2026 22:51:12.306] [Render thread/ERROR] [net.neoforged.fml.ModLoader/]: Cowardly refusing to send event net.neoforged.neoforge.client.event.RegisterParticleProvidersEvent to a broken mod state
[12may2026 22:51:12.399] [Render thread/ERROR] [net.neoforged.fml.ModLoader/]: Cowardly refusing to send event net.neoforged.neoforge.client.event.RenderLevelStageEvent$RegisterStageEvent to a broken mod state
[12may2026 22:51:12.597] [Render thread/ERROR] [net.neoforged.fml.ModLoader/]: Cowardly refusing to send event net.neoforged.neoforge.client.extensions.common.RegisterClientExtensionsEvent to a broken mod state
[12may2026 22:51:12.598] [Render thread/ERROR] [net.neoforged.fml.ModLoader/]: Cowardly refusing to send event net.neoforged.neoforge.client.event.RegisterSpriteSourceTypesEvent to a broken mod state
[12may2026 22:51:12.696] [Render thread/ERROR] [net.neoforged.fml.ModLoader/]: Cowardly refusing to send event net.neoforged.neoforge.client.event.RegisterMenuScreensEvent to a broken mod state
[12may2026 22:51:12.697] [Render thread/ERROR] [net.neoforged.fml.ModLoader/]: Cowardly refusing to send event net.neoforged.neoforge.client.event.RegisterClientReloadListenersEvent to a broken mod state
[12may2026 22:51:12.698] [Render thread/ERROR] [net.neoforged.fml.ModLoader/]: Cowardly refusing to send event net.neoforged.neoforge.client.event.EntityRenderersEvent$RegisterLayerDefinitions to a broken mod state
[12may2026 22:51:12.698] [Render thread/ERROR] [net.neoforged.fml.ModLoader/]: Cowardly refusing to send event net.neoforged.neoforge.client.event.EntityRenderersEvent$RegisterRenderers to a broken mod state
[12may2026 22:51:12.701] [Render thread/ERROR] [net.neoforged.fml.ModLoader/]: Cowardly refusing to send event net.neoforged.neoforge.client.event.RegisterClientTooltipComponentFactoriesEvent to a broken mod state
[12may2026 22:51:12.704] [Render thread/ERROR] [net.neoforged.fml.ModLoader/]: Cowardly refusing to send event net.neoforged.neoforge.client.event.RegisterEntitySpectatorShadersEvent to a broken mod state
[12may2026 22:51:12.705] [Render thread/ERROR] [net.neoforged.fml.ModLoader/]: Cowardly refusing to send event net.neoforged.neoforge.client.event.RegisterKeyMappingsEvent to a broken mod state
[12may2026 22:51:12.713] [Render thread/ERROR] [net.neoforged.fml.ModLoader/]: Cowardly refusing to send event net.neoforged.neoforge.client.event.RegisterRecipeBookCategoriesEvent to a broken mod state
[12may2026 22:51:12.714] [Render thread/ERROR] [net.neoforged.fml.ModLoader/]: Cowardly refusing to send event net.neoforged.neoforge.client.event.RegisterGuiLayersEvent to a broken mod state
[12may2026 22:51:12.723] [Render thread/ERROR] [net.neoforged.fml.ModLoader/]: Cowardly refusing to send event net.neoforged.neoforge.client.event.RegisterDimensionSpecialEffectsEvent to a broken mod state
[12may2026 22:51:12.728] [Render thread/ERROR] [net.neoforged.fml.ModLoader/]: Cowardly refusing to send event net.neoforged.neoforge.client.event.RegisterNamedRenderTypesEvent to a broken mod state
[12may2026 22:51:12.731] [Render thread/ERROR] [net.neoforged.fml.ModLoader/]: Cowardly refusing to send event net.neoforged.neoforge.client.event.RegisterColorHandlersEvent$ColorResolvers to a broken mod state
[12may2026 22:51:12.734] [Render thread/ERROR] [net.neoforged.fml.ModLoader/]: Cowardly refusing to send event net.neoforged.neoforge.client.event.RegisterItemDecorationsEvent to a broken mod state
[12may2026 22:51:12.755] [Render thread/ERROR] [net.neoforged.fml.ModLoader/]: Cowardly refusing to send event net.neoforged.neoforge.client.event.RegisterPresetEditorsEvent to a broken mod state
[12may2026 22:51:12.758] [Render thread/ERROR] [net.neoforged.fml.ModLoader/]: Cowardly refusing to send event net.neoforged.neoforge.client.gui.map.RegisterMapDecorationRenderersEvent to a broken mod state
[12may2026 22:51:12.762] [Render thread/ERROR] [net.neoforged.fml.ModLoader/]: Cowardly refusing to send event net.neoforged.neoforge.client.event.RegisterDimensionTransitionScreenEvent to a broken mod state
[12may2026 22:51:12.811] [Render thread/ERROR] [net.neoforged.fml.ModLoader/]: Cowardly refusing to send event net.neoforged.neoforge.client.event.RegisterJsonAnimationTypesEvent to a broken mod state
[12may2026 22:51:13.111] [Render thread/INFO] [net.minecraft.server.packs.resources.ReloadableResourceManager/]: Reloading ResourceManager: vanilla
[12may2026 22:51:13.219] [Render thread/ERROR] [net.neoforged.fml.ModLoader/]: Cowardly refusing to send event net.neoforged.neoforge.client.event.ModelEvent$RegisterGeometryLoaders to a broken mod state
[12may2026 22:51:13.531] [Worker-Main-7/INFO] [net.minecraft.client.gui.font.providers.UnihexProvider/]: Found unifont_all_no_pua-15.1.05.hex, loading
[12may2026 22:51:13.654] [Render thread/WARN] [net.minecraft.client.renderer.texture.TextureManager/]: Failed to load texture: minecraft:textures/gui/title/background/panorama_overlay.png
java.nio.file.NoSuchFileException: C:\Users\sebas\OneDrive\Escritorio\code folder sigma\forge-1.20.1-47.2.0-mdk\.gradle\8.5\caches\minecraft\assets\objects\9d\9dd32387135eefa7ab95996d52a5ca4cec8a3b30
	at java.base/sun.nio.fs.WindowsException.translateToIOException(WindowsException.java:85) ~[?:?]
	at java.base/sun.nio.fs.WindowsException.rethrowAsIOException(WindowsException.java:103) ~[?:?]
	at java.base/sun.nio.fs.WindowsException.rethrowAsIOException(WindowsException.java:108) ~[?:?]
	at java.base/sun.nio.fs.WindowsFileSystemProvider.newByteChannel(WindowsFileSystemProvider.java:234) ~[?:?]
	at java.base/java.nio.file.Files.newByteChannel(Files.java:380) ~[?:?]
	at TRANSFORMER/minecraft@1.21.1/net.minecraft.server.packs.linkfs.LinkFSProvider.newByteChannel(LinkFSProvider.java:66) ~[neoforge-21.1.87.jar%23189!/:?]
	at java.base/java.nio.file.Files.newByteChannel(Files.java:380) ~[?:?]
	at java.base/java.nio.file.Files.newByteChannel(Files.java:432) ~[?:?]
	at java.base/java.nio.file.spi.FileSystemProvider.newInputStream(FileSystemProvider.java:420) ~[?:?]
	at java.base/java.nio.file.Files.newInputStream(Files.java:160) ~[?:?]
	at TRANSFORMER/minecraft@1.21.1/net.minecraft.server.packs.resources.IoSupplier.lambda$create$0(IoSupplier.java:13) ~[neoforge-21.1.87.jar%23189!/:?]
	at TRANSFORMER/minecraft@1.21.1/net.minecraft.server.packs.resources.Resource.open(Resource.java:46) ~[neoforge-21.1.87.jar%23189!/:?]
	at TRANSFORMER/minecraft@1.21.1/net.minecraft.client.renderer.texture.SimpleTexture$TextureImage.load(SimpleTexture.java:86) ~[neoforge-21.1.87.jar%23189!/:?]
	at TRANSFORMER/minecraft@1.21.1/net.minecraft.client.renderer.texture.PreloadedTexture.lambda$new$0(PreloadedTexture.java:20) ~[neoforge-21.1.87.jar%23189!/:?]
	at java.base/java.util.concurrent.CompletableFuture$AsyncSupply.run(CompletableFuture.java:1768) ~[?:?]
	at java.base/java.util.concurrent.CompletableFuture$AsyncSupply.exec(CompletableFuture.java:1760) ~[?:?]
	at java.base/java.util.concurrent.ForkJoinTask.doExec(ForkJoinTask.java:387) ~[?:?]
	at java.base/java.util.concurrent.ForkJoinPool$WorkQueue.topLevelExec(ForkJoinPool.java:1312) ~[?:?]
	at java.base/java.util.concurrent.ForkJoinPool.scan(ForkJoinPool.java:1843) ~[?:?]
	at java.base/java.util.concurrent.ForkJoinPool.runWorker(ForkJoinPool.java:1808) ~[?:?]
	at java.base/java.util.concurrent.ForkJoinWorkerThread.run(ForkJoinWorkerThread.java:188) ~[?:?]
[12may2026 22:51:13.668] [Render thread/WARN] [net.minecraft.client.renderer.texture.TextureManager/]: Failed to load texture: minecraft:textures/gui/title/background/panorama_0.png
java.nio.file.NoSuchFileException: C:\Users\sebas\OneDrive\Escritorio\code folder sigma\forge-1.20.1-47.2.0-mdk\.gradle\8.5\caches\minecraft\assets\objects\dc\dca189017c6b77dc6e55ebfb0baca2b645b6e4cd
	at java.base/sun.nio.fs.WindowsException.translateToIOException(WindowsException.java:85) ~[?:?]
	at java.base/sun.nio.fs.WindowsException.rethrowAsIOException(WindowsException.java:103) ~[?:?]
	at java.base/sun.nio.fs.WindowsException.rethrowAsIOException(WindowsException.java:108) ~[?:?]
	at java.base/sun.nio.fs.WindowsFileSystemProvider.newByteChannel(WindowsFileSystemProvider.java:234) ~[?:?]
	at java.base/java.nio.file.Files.newByteChannel(Files.java:380) ~[?:?]
	at TRANSFORMER/minecraft@1.21.1/net.minecraft.server.packs.linkfs.LinkFSProvider.newByteChannel(LinkFSProvider.java:66) ~[neoforge-21.1.87.jar%23189!/:?]
	at java.base/java.nio.file.Files.newByteChannel(Files.java:380) ~[?:?]
	at java.base/java.nio.file.Files.newByteChannel(Files.java:432) ~[?:?]
	at java.base/java.nio.file.spi.FileSystemProvider.newInputStream(FileSystemProvider.java:420) ~[?:?]
	at java.base/java.nio.file.Files.newInputStream(Files.java:160) ~[?:?]
	at TRANSFORMER/minecraft@1.21.1/net.minecraft.server.packs.resources.IoSupplier.lambda$create$0(IoSupplier.java:13) ~[neoforge-21.1.87.jar%23189!/:?]
	at TRANSFORMER/minecraft@1.21.1/net.minecraft.server.packs.resources.Resource.open(Resource.java:46) ~[neoforge-21.1.87.jar%23189!/:?]
	at TRANSFORMER/minecraft@1.21.1/net.minecraft.client.renderer.texture.SimpleTexture$TextureImage.load(SimpleTexture.java:86) ~[neoforge-21.1.87.jar%23189!/:?]
	at TRANSFORMER/minecraft@1.21.1/net.minecraft.client.renderer.texture.PreloadedTexture.lambda$new$0(PreloadedTexture.java:20) ~[neoforge-21.1.87.jar%23189!/:?]
	at java.base/java.util.concurrent.CompletableFuture$AsyncSupply.run(CompletableFuture.java:1768) ~[?:?]
	at java.base/java.util.concurrent.CompletableFuture$AsyncSupply.exec(CompletableFuture.java:1760) ~[?:?]
	at java.base/java.util.concurrent.ForkJoinTask.doExec(ForkJoinTask.java:387) ~[?:?]
	at java.base/java.util.concurrent.ForkJoinPool$WorkQueue.topLevelExec(ForkJoinPool.java:1312) ~[?:?]
	at java.base/java.util.concurrent.ForkJoinPool.scan(ForkJoinPool.java:1843) ~[?:?]
	at java.base/java.util.concurrent.ForkJoinPool.runWorker(ForkJoinPool.java:1808) ~[?:?]
	at java.base/java.util.concurrent.ForkJoinWorkerThread.run(ForkJoinWorkerThread.java:188) ~[?:?]
[12may2026 22:51:13.674] [Render thread/WARN] [net.minecraft.client.renderer.texture.TextureManager/]: Failed to load texture: minecraft:textures/gui/title/background/panorama_1.png
java.nio.file.NoSuchFileException: C:\Users\sebas\OneDrive\Escritorio\code folder sigma\forge-1.20.1-47.2.0-mdk\.gradle\8.5\caches\minecraft\assets\objects\97\97d080a6827e54904eb7bbe0f04df20eb9070d1a
	at java.base/sun.nio.fs.WindowsException.translateToIOException(WindowsException.java:85) ~[?:?]
	at java.base/sun.nio.fs.WindowsException.rethrowAsIOException(WindowsException.java:103) ~[?:?]
	at java.base/sun.nio.fs.WindowsException.rethrowAsIOException(WindowsException.java:108) ~[?:?]
	at java.base/sun.nio.fs.WindowsFileSystemProvider.newByteChannel(WindowsFileSystemProvider.java:234) ~[?:?]
	at java.base/java.nio.file.Files.newByteChannel(Files.java:380) ~[?:?]
	at TRANSFORMER/minecraft@1.21.1/net.minecraft.server.packs.linkfs.LinkFSProvider.newByteChannel(LinkFSProvider.java:66) ~[neoforge-21.1.87.jar%23189!/:?]
	at java.base/java.nio.file.Files.newByteChannel(Files.java:380) ~[?:?]
	at java.base/java.nio.file.Files.newByteChannel(Files.java:432) ~[?:?]
	at java.base/java.nio.file.spi.FileSystemProvider.newInputStream(FileSystemProvider.java:420) ~[?:?]
	at java.base/java.nio.file.Files.newInputStream(Files.java:160) ~[?:?]
	at TRANSFORMER/minecraft@1.21.1/net.minecraft.server.packs.resources.IoSupplier.lambda$create$0(IoSupplier.java:13) ~[neoforge-21.1.87.jar%23189!/:?]
	at TRANSFORMER/minecraft@1.21.1/net.minecraft.server.packs.resources.Resource.open(Resource.java:46) ~[neoforge-21.1.87.jar%23189!/:?]
	at TRANSFORMER/minecraft@1.21.1/net.minecraft.client.renderer.texture.SimpleTexture$TextureImage.load(SimpleTexture.java:86) ~[neoforge-21.1.87.jar%23189!/:?]
	at TRANSFORMER/minecraft@1.21.1/net.minecraft.client.renderer.texture.PreloadedTexture.lambda$new$0(PreloadedTexture.java:20) ~[neoforge-21.1.87.jar%23189!/:?]
	at java.base/java.util.concurrent.CompletableFuture$AsyncSupply.run(CompletableFuture.java:1768) ~[?:?]
	at java.base/java.util.concurrent.CompletableFuture$AsyncSupply.exec(CompletableFuture.java:1760) ~[?:?]
	at java.base/java.util.concurrent.ForkJoinTask.doExec(ForkJoinTask.java:387) ~[?:?]
	at java.base/java.util.concurrent.ForkJoinPool$WorkQueue.topLevelExec(ForkJoinPool.java:1312) ~[?:?]
	at java.base/java.util.concurrent.ForkJoinPool.scan(ForkJoinPool.java:1843) ~[?:?]
	at java.base/java.util.concurrent.ForkJoinPool.runWorker(ForkJoinPool.java:1808) ~[?:?]
	at java.base/java.util.concurrent.ForkJoinWorkerThread.run(ForkJoinWorkerThread.java:188) ~[?:?]
[12may2026 22:51:13.688] [Render thread/WARN] [net.minecraft.client.renderer.texture.TextureManager/]: Failed to load texture: minecraft:textures/gui/title/background/panorama_3.png
java.nio.file.NoSuchFileException: C:\Users\sebas\OneDrive\Escritorio\code folder sigma\forge-1.20.1-47.2.0-mdk\.gradle\8.5\caches\minecraft\assets\objects\b6\b6265425a2c765dd5fc286d5f355a812cad938e2
	at java.base/sun.nio.fs.WindowsException.translateToIOException(WindowsException.java:85) ~[?:?]
	at java.base/sun.nio.fs.WindowsException.rethrowAsIOException(WindowsException.java:103) ~[?:?]
	at java.base/sun.nio.fs.WindowsException.rethrowAsIOException(WindowsException.java:108) ~[?:?]
	at java.base/sun.nio.fs.WindowsFileSystemProvider.newByteChannel(WindowsFileSystemProvider.java:234) ~[?:?]
	at java.base/java.nio.file.Files.newByteChannel(Files.java:380) ~[?:?]
	at TRANSFORMER/minecraft@1.21.1/net.minecraft.server.packs.linkfs.LinkFSProvider.newByteChannel(LinkFSProvider.java:66) ~[neoforge-21.1.87.jar%23189!/:?]
	at java.base/java.nio.file.Files.newByteChannel(Files.java:380) ~[?:?]
	at java.base/java.nio.file.Files.newByteChannel(Files.java:432) ~[?:?]
	at java.base/java.nio.file.spi.FileSystemProvider.newInputStream(FileSystemProvider.java:420) ~[?:?]
	at java.base/java.nio.file.Files.newInputStream(Files.java:160) ~[?:?]
	at TRANSFORMER/minecraft@1.21.1/net.minecraft.server.packs.resources.IoSupplier.lambda$create$0(IoSupplier.java:13) ~[neoforge-21.1.87.jar%23189!/:?]
	at TRANSFORMER/minecraft@1.21.1/net.minecraft.server.packs.resources.Resource.open(Resource.java:46) ~[neoforge-21.1.87.jar%23189!/:?]
	at TRANSFORMER/minecraft@1.21.1/net.minecraft.client.renderer.texture.SimpleTexture$TextureImage.load(SimpleTexture.java:86) ~[neoforge-21.1.87.jar%23189!/:?]
	at TRANSFORMER/minecraft@1.21.1/net.minecraft.client.renderer.texture.PreloadedTexture.lambda$new$0(PreloadedTexture.java:20) ~[neoforge-21.1.87.jar%23189!/:?]
	at java.base/java.util.concurrent.CompletableFuture$AsyncSupply.run(CompletableFuture.java:1768) ~[?:?]
	at java.base/java.util.concurrent.CompletableFuture$AsyncSupply.exec(CompletableFuture.java:1760) ~[?:?]
	at java.base/java.util.concurrent.ForkJoinTask.doExec(ForkJoinTask.java:387) ~[?:?]
	at java.base/java.util.concurrent.ForkJoinPool$WorkQueue.topLevelExec(ForkJoinPool.java:1312) ~[?:?]
	at java.base/java.util.concurrent.ForkJoinPool.scan(ForkJoinPool.java:1843) ~[?:?]
	at java.base/java.util.concurrent.ForkJoinPool.runWorker(ForkJoinPool.java:1808) ~[?:?]
	at java.base/java.util.concurrent.ForkJoinWorkerThread.run(ForkJoinWorkerThread.java:188) ~[?:?]
[12may2026 22:51:13.697] [Render thread/WARN] [net.minecraft.client.renderer.texture.TextureManager/]: Failed to load texture: minecraft:textures/gui/title/background/panorama_4.png
java.nio.file.NoSuchFileException: C:\Users\sebas\OneDrive\Escritorio\code folder sigma\forge-1.20.1-47.2.0-mdk\.gradle\8.5\caches\minecraft\assets\objects\ce\cec25b0246d77e6f1dcef0d051ccb328ba39227a
	at java.base/sun.nio.fs.WindowsException.translateToIOException(WindowsException.java:85) ~[?:?]
	at java.base/sun.nio.fs.WindowsException.rethrowAsIOException(WindowsException.java:103) ~[?:?]
	at java.base/sun.nio.fs.WindowsException.rethrowAsIOException(WindowsException.java:108) ~[?:?]
	at java.base/sun.nio.fs.WindowsFileSystemProvider.newByteChannel(WindowsFileSystemProvider.java:234) ~[?:?]
	at java.base/java.nio.file.Files.newByteChannel(Files.java:380) ~[?:?]
	at TRANSFORMER/minecraft@1.21.1/net.minecraft.server.packs.linkfs.LinkFSProvider.newByteChannel(LinkFSProvider.java:66) ~[neoforge-21.1.87.jar%23189!/:?]
	at java.base/java.nio.file.Files.newByteChannel(Files.java:380) ~[?:?]
	at java.base/java.nio.file.Files.newByteChannel(Files.java:432) ~[?:?]
	at java.base/java.nio.file.spi.FileSystemProvider.newInputStream(FileSystemProvider.java:420) ~[?:?]
	at java.base/java.nio.file.Files.newInputStream(Files.java:160) ~[?:?]
	at TRANSFORMER/minecraft@1.21.1/net.minecraft.server.packs.resources.IoSupplier.lambda$create$0(IoSupplier.java:13) ~[neoforge-21.1.87.jar%23189!/:?]
	at TRANSFORMER/minecraft@1.21.1/net.minecraft.server.packs.resources.Resource.open(Resource.java:46) ~[neoforge-21.1.87.jar%23189!/:?]
	at TRANSFORMER/minecraft@1.21.1/net.minecraft.client.renderer.texture.SimpleTexture$TextureImage.load(SimpleTexture.java:86) ~[neoforge-21.1.87.jar%23189!/:?]
	at TRANSFORMER/minecraft@1.21.1/net.minecraft.client.renderer.texture.PreloadedTexture.lambda$new$0(PreloadedTexture.java:20) ~[neoforge-21.1.87.jar%23189!/:?]
	at java.base/java.util.concurrent.CompletableFuture$AsyncSupply.run(CompletableFuture.java:1768) ~[?:?]
	at java.base/java.util.concurrent.CompletableFuture$AsyncSupply.exec(CompletableFuture.java:1760) ~[?:?]
	at java.base/java.util.concurrent.ForkJoinTask.doExec(ForkJoinTask.java:387) ~[?:?]
	at java.base/java.util.concurrent.ForkJoinPool$WorkQueue.topLevelExec(ForkJoinPool.java:1312) ~[?:?]
	at java.base/java.util.concurrent.ForkJoinPool.scan(ForkJoinPool.java:1843) ~[?:?]
	at java.base/java.util.concurrent.ForkJoinPool.runWorker(ForkJoinPool.java:1808) ~[?:?]
	at java.base/java.util.concurrent.ForkJoinWorkerThread.run(ForkJoinWorkerThread.java:188) ~[?:?]
[12may2026 22:51:13.706] [Render thread/WARN] [net.minecraft.client.renderer.texture.TextureManager/]: Failed to load texture: minecraft:textures/gui/title/background/panorama_5.png
java.nio.file.NoSuchFileException: C:\Users\sebas\OneDrive\Escritorio\code folder sigma\forge-1.20.1-47.2.0-mdk\.gradle\8.5\caches\minecraft\assets\objects\74\74703134a27a57d2de96860bca55d447759c0edc
	at java.base/sun.nio.fs.WindowsException.translateToIOException(WindowsException.java:85) ~[?:?]
	at java.base/sun.nio.fs.WindowsException.rethrowAsIOException(WindowsException.java:103) ~[?:?]
	at java.base/sun.nio.fs.WindowsException.rethrowAsIOException(WindowsException.java:108) ~[?:?]
	at java.base/sun.nio.fs.WindowsFileSystemProvider.newByteChannel(WindowsFileSystemProvider.java:234) ~[?:?]
	at java.base/java.nio.file.Files.newByteChannel(Files.java:380) ~[?:?]
	at TRANSFORMER/minecraft@1.21.1/net.minecraft.server.packs.linkfs.LinkFSProvider.newByteChannel(LinkFSProvider.java:66) ~[neoforge-21.1.87.jar%23189!/:?]
	at java.base/java.nio.file.Files.newByteChannel(Files.java:380) ~[?:?]
	at java.base/java.nio.file.Files.newByteChannel(Files.java:432) ~[?:?]
	at java.base/java.nio.file.spi.FileSystemProvider.newInputStream(FileSystemProvider.java:420) ~[?:?]
	at java.base/java.nio.file.Files.newInputStream(Files.java:160) ~[?:?]
	at TRANSFORMER/minecraft@1.21.1/net.minecraft.server.packs.resources.IoSupplier.lambda$create$0(IoSupplier.java:13) ~[neoforge-21.1.87.jar%23189!/:?]
	at TRANSFORMER/minecraft@1.21.1/net.minecraft.server.packs.resources.Resource.open(Resource.java:46) ~[neoforge-21.1.87.jar%23189!/:?]
	at TRANSFORMER/minecraft@1.21.1/net.minecraft.client.renderer.texture.SimpleTexture$TextureImage.load(SimpleTexture.java:86) ~[neoforge-21.1.87.jar%23189!/:?]
	at TRANSFORMER/minecraft@1.21.1/net.minecraft.client.renderer.texture.PreloadedTexture.lambda$new$0(PreloadedTexture.java:20) ~[neoforge-21.1.87.jar%23189!/:?]
	at java.base/java.util.concurrent.CompletableFuture$AsyncSupply.run(CompletableFuture.java:1768) ~[?:?]
	at java.base/java.util.concurrent.CompletableFuture$AsyncSupply.exec(CompletableFuture.java:1760) ~[?:?]
	at java.base/java.util.concurrent.ForkJoinTask.doExec(ForkJoinTask.java:387) ~[?:?]
	at java.base/java.util.concurrent.ForkJoinPool$WorkQueue.topLevelExec(ForkJoinPool.java:1312) ~[?:?]
	at java.base/java.util.concurrent.ForkJoinPool.scan(ForkJoinPool.java:1843) ~[?:?]
	at java.base/java.util.concurrent.ForkJoinPool.runWorker(ForkJoinPool.java:1808) ~[?:?]
	at java.base/java.util.concurrent.ForkJoinWorkerThread.run(ForkJoinWorkerThread.java:188) ~[?:?]
[12may2026 22:51:13.717] [Worker-Main-1/INFO] [net.minecraft.client.gui.font.providers.UnihexProvider/]: Found unifont_jp_patch-15.1.05.hex, loading
[12may2026 22:51:13.715] [Render thread/WARN] [net.minecraft.client.renderer.texture.TextureManager/]: Failed to load texture: minecraft:textures/gui/title/background/panorama_2.png
java.nio.file.NoSuchFileException: C:\Users\sebas\OneDrive\Escritorio\code folder sigma\forge-1.20.1-47.2.0-mdk\.gradle\8.5\caches\minecraft\assets\objects\d7\d79ff13dd8ff2f7b8d497a7516db1bb2d86d2ab8
	at java.base/sun.nio.fs.WindowsException.translateToIOException(WindowsException.java:85) ~[?:?]
	at java.base/sun.nio.fs.WindowsException.rethrowAsIOException(WindowsException.java:103) ~[?:?]
	at java.base/sun.nio.fs.WindowsException.rethrowAsIOException(WindowsException.java:108) ~[?:?]
	at java.base/sun.nio.fs.WindowsFileSystemProvider.newByteChannel(WindowsFileSystemProvider.java:234) ~[?:?]
	at java.base/java.nio.file.Files.newByteChannel(Files.java:380) ~[?:?]
	at TRANSFORMER/minecraft@1.21.1/net.minecraft.server.packs.linkfs.LinkFSProvider.newByteChannel(LinkFSProvider.java:66) ~[neoforge-21.1.87.jar%23189!/:?]
	at java.base/java.nio.file.Files.newByteChannel(Files.java:380) ~[?:?]
	at java.base/java.nio.file.Files.newByteChannel(Files.java:432) ~[?:?]
	at java.base/java.nio.file.spi.FileSystemProvider.newInputStream(FileSystemProvider.java:420) ~[?:?]
	at java.base/java.nio.file.Files.newInputStream(Files.java:160) ~[?:?]
	at TRANSFORMER/minecraft@1.21.1/net.minecraft.server.packs.resources.IoSupplier.lambda$create$0(IoSupplier.java:13) ~[neoforge-21.1.87.jar%23189!/:?]
	at TRANSFORMER/minecraft@1.21.1/net.minecraft.server.packs.resources.Resource.open(Resource.java:46) ~[neoforge-21.1.87.jar%23189!/:?]
	at TRANSFORMER/minecraft@1.21.1/net.minecraft.client.renderer.texture.SimpleTexture$TextureImage.load(SimpleTexture.java:86) ~[neoforge-21.1.87.jar%23189!/:?]
	at TRANSFORMER/minecraft@1.21.1/net.minecraft.client.renderer.texture.PreloadedTexture.lambda$new$0(PreloadedTexture.java:20) ~[neoforge-21.1.87.jar%23189!/:?]
	at java.base/java.util.concurrent.CompletableFuture$AsyncSupply.run(CompletableFuture.java:1768) ~[?:?]
	at java.base/java.util.concurrent.CompletableFuture$AsyncSupply.exec(CompletableFuture.java:1760) ~[?:?]
	at java.base/java.util.concurrent.ForkJoinTask.doExec(ForkJoinTask.java:387) ~[?:?]
	at java.base/java.util.concurrent.ForkJoinPool$WorkQueue.topLevelExec(ForkJoinPool.java:1312) ~[?:?]
	at java.base/java.util.concurrent.ForkJoinPool.scan(ForkJoinPool.java:1843) ~[?:?]
	at java.base/java.util.concurrent.ForkJoinPool.runWorker(ForkJoinPool.java:1808) ~[?:?]
	at java.base/java.util.concurrent.ForkJoinWorkerThread.run(ForkJoinWorkerThread.java:188) ~[?:?]
[12may2026 22:51:16.428] [Worker-Main-12/ERROR] [net.neoforged.fml.ModLoader/]: Cowardly refusing to send event net.neoforged.neoforge.client.event.ModelEvent$RegisterAdditional to a broken mod state
[12may2026 22:51:17.874] [Worker-Main-12/ERROR] [net.neoforged.fml.ModLoader/]: Cowardly refusing to send event net.neoforged.neoforge.client.event.ModelEvent$ModifyBakingResult to a broken mod state
[12may2026 22:51:17.992] [Render thread/WARN] [net.minecraft.client.resources.language.ClientLanguage/]: Failed to load translations for en_us from pack vanilla
java.nio.file.NoSuchFileException: C:\Users\sebas\OneDrive\Escritorio\code folder sigma\forge-1.20.1-47.2.0-mdk\.gradle\8.5\caches\minecraft\assets\objects\a1\a1260ad0107b49e9ea070a1ed87934b50d6caefd
	at java.base/sun.nio.fs.WindowsException.translateToIOException(WindowsException.java:85) ~[?:?]
	at java.base/sun.nio.fs.WindowsException.rethrowAsIOException(WindowsException.java:103) ~[?:?]
	at java.base/sun.nio.fs.WindowsException.rethrowAsIOException(WindowsException.java:108) ~[?:?]
	at java.base/sun.nio.fs.WindowsFileSystemProvider.newByteChannel(WindowsFileSystemProvider.java:234) ~[?:?]
	at java.base/java.nio.file.Files.newByteChannel(Files.java:380) ~[?:?]
	at TRANSFORMER/minecraft@1.21.1/net.minecraft.server.packs.linkfs.LinkFSProvider.newByteChannel(LinkFSProvider.java:66) ~[neoforge-21.1.87.jar%23189!/:?]
	at java.base/java.nio.file.Files.newByteChannel(Files.java:380) ~[?:?]
	at java.base/java.nio.file.Files.newByteChannel(Files.java:432) ~[?:?]
	at java.base/java.nio.file.spi.FileSystemProvider.newInputStream(FileSystemProvider.java:420) ~[?:?]
	at java.base/java.nio.file.Files.newInputStream(Files.java:160) ~[?:?]
	at TRANSFORMER/minecraft@1.21.1/net.minecraft.server.packs.resources.IoSupplier.lambda$create$0(IoSupplier.java:13) ~[neoforge-21.1.87.jar%23189!/:?]
	at TRANSFORMER/minecraft@1.21.1/net.minecraft.server.packs.resources.Resource.open(Resource.java:46) ~[neoforge-21.1.87.jar%23189!/:?]
	at TRANSFORMER/minecraft@1.21.1/net.minecraft.client.resources.language.ClientLanguage.appendFrom(ClientLanguage.java:67) ~[neoforge-21.1.87.jar%23189!/:?]
	at TRANSFORMER/minecraft@1.21.1/net.minecraft.client.resources.language.ClientLanguage.loadFrom(ClientLanguage.java:50) ~[neoforge-21.1.87.jar%23189!/:?]
	at TRANSFORMER/minecraft@1.21.1/net.minecraft.client.resources.language.LanguageManager.onResourceManagerReload(LanguageManager.java:66) ~[neoforge-21.1.87.jar%23189!/:?]
	at TRANSFORMER/minecraft@1.21.1/net.minecraft.server.packs.resources.ResourceManagerReloadListener.lambda$reload$0(ResourceManagerReloadListener.java:21) ~[neoforge-21.1.87.jar%23189!/:?]
	at java.base/java.util.concurrent.CompletableFuture$UniRun.tryFire(CompletableFuture.java:787) ~[?:?]
	at java.base/java.util.concurrent.CompletableFuture$Completion.run(CompletableFuture.java:482) ~[?:?]
	at TRANSFORMER/minecraft@1.21.1/net.minecraft.server.packs.resources.SimpleReloadInstance.lambda$new$3(SimpleReloadInstance.java:86) ~[neoforge-21.1.87.jar%23189!/:?]
	at TRANSFORMER/minecraft@1.21.1/net.minecraft.util.thread.BlockableEventLoop.doRunTask(BlockableEventLoop.java:148) ~[neoforge-21.1.87.jar%23189!/:?]
	at TRANSFORMER/minecraft@1.21.1/net.minecraft.util.thread.ReentrantBlockableEventLoop.doRunTask(ReentrantBlockableEventLoop.java:24) ~[neoforge-21.1.87.jar%23189!/:?]
	at TRANSFORMER/minecraft@1.21.1/net.minecraft.util.thread.BlockableEventLoop.pollTask(BlockableEventLoop.java:122) ~[neoforge-21.1.87.jar%23189!/:?]
	at TRANSFORMER/minecraft@1.21.1/net.minecraft.util.thread.BlockableEventLoop.runAllTasks(BlockableEventLoop.java:111) ~[neoforge-21.1.87.jar%23189!/:?]
	at TRANSFORMER/minecraft@1.21.1/net.minecraft.client.Minecraft.runTick(Minecraft.java:1155) ~[neoforge-21.1.87.jar%23189!/:?]
	at TRANSFORMER/minecraft@1.21.1/net.minecraft.client.Minecraft.run(Minecraft.java:807) ~[neoforge-21.1.87.jar%23189!/:?]
	at TRANSFORMER/minecraft@1.21.1/net.minecraft.client.main.Main.main(Main.java:230) ~[neoforge-21.1.87.jar%23189!/:?]
	at java.base/jdk.internal.reflect.DirectMethodHandleAccessor.invoke(DirectMethodHandleAccessor.java:103) ~[?:?]
	at java.base/java.lang.reflect.Method.invoke(Method.java:580) ~[?:?]
	at MC-BOOTSTRAP/fml_loader@4.0.34/net.neoforged.fml.loading.targets.CommonLaunchHandler.runTarget(CommonLaunchHandler.java:136) ~[loader-4.0.34.jar%23143!/:4.0]
	at MC-BOOTSTRAP/fml_loader@4.0.34/net.neoforged.fml.loading.targets.CommonLaunchHandler.clientService(CommonLaunchHandler.java:124) ~[loader-4.0.34.jar%23143!/:4.0]
	at MC-BOOTSTRAP/fml_loader@4.0.34/net.neoforged.fml.loading.targets.NeoForgeClientUserdevLaunchHandler.runService(NeoForgeClientUserdevLaunchHandler.java:23) ~[loader-4.0.34.jar%23143!/:4.0]
	at MC-BOOTSTRAP/fml_loader@4.0.34/net.neoforged.fml.loading.targets.CommonLaunchHandler.lambda$launchService$4(CommonLaunchHandler.java:118) ~[loader-4.0.34.jar%23143!/:4.0]
	at MC-BOOTSTRAP/cpw.mods.modlauncher@11.0.4/cpw.mods.modlauncher.LaunchServiceHandlerDecorator.launch(LaunchServiceHandlerDecorator.java:30) [modlauncher-11.0.4.jar%23125!/:?]
	at MC-BOOTSTRAP/cpw.mods.modlauncher@11.0.4/cpw.mods.modlauncher.LaunchServiceHandler.launch(LaunchServiceHandler.java:53) [modlauncher-11.0.4.jar%23125!/:?]
	at MC-BOOTSTRAP/cpw.mods.modlauncher@11.0.4/cpw.mods.modlauncher.LaunchServiceHandler.launch(LaunchServiceHandler.java:71) [modlauncher-11.0.4.jar%23125!/:?]
	at MC-BOOTSTRAP/cpw.mods.modlauncher@11.0.4/cpw.mods.modlauncher.Launcher.run(Launcher.java:103) [modlauncher-11.0.4.jar%23125!/:?]
	at MC-BOOTSTRAP/cpw.mods.modlauncher@11.0.4/cpw.mods.modlauncher.Launcher.main(Launcher.java:74) [modlauncher-11.0.4.jar%23125!/:?]
	at MC-BOOTSTRAP/cpw.mods.modlauncher@11.0.4/cpw.mods.modlauncher.BootstrapLaunchConsumer.accept(BootstrapLaunchConsumer.java:26) [modlauncher-11.0.4.jar%23125!/:?]
	at MC-BOOTSTRAP/cpw.mods.modlauncher@11.0.4/cpw.mods.modlauncher.BootstrapLaunchConsumer.accept(BootstrapLaunchConsumer.java:23) [modlauncher-11.0.4.jar%23125!/:?]
	at cpw.mods.bootstraplauncher@2.0.2/cpw.mods.bootstraplauncher.BootstrapLauncher.run(BootstrapLauncher.java:210) [bootstraplauncher-2.0.2.jar:?]
	at cpw.mods.bootstraplauncher@2.0.2/cpw.mods.bootstraplauncher.BootstrapLauncher.main(BootstrapLauncher.java:69) [bootstraplauncher-2.0.2.jar:?]
[12may2026 22:51:18.033] [Render thread/WARN] [net.minecraft.client.sounds.SoundEngine/]: Missing sound for event: minecraft:item.goat_horn.play
[12may2026 22:51:18.033] [Render thread/WARN] [net.minecraft.client.sounds.SoundEngine/]: Missing sound for event: minecraft:entity.goat.screaming.horn_break
[12may2026 22:51:19.579] [Render thread/INFO] [com.mojang.blaze3d.audio.Library/]: OpenAL initialized on device OpenAL Soft on Speakers (Realtek(R) Audio)
[12may2026 22:51:19.581] [Render thread/INFO] [net.minecraft.client.sounds.SoundEngine/SOUNDS]: Sound engine started
[12may2026 22:51:19.581] [Render thread/ERROR] [net.neoforged.fml.ModLoader/]: Cowardly refusing to send event net.neoforged.neoforge.client.event.sound.SoundEngineLoadEvent to a broken mod state
[12may2026 22:51:19.722] [Render thread/INFO] [net.minecraft.client.renderer.texture.TextureAtlas/]: Created: 1024x512x4 minecraft:textures/atlas/blocks.png-atlas
[12may2026 22:51:19.879] [Render thread/ERROR] [net.neoforged.fml.ModLoader/]: Cowardly refusing to send event net.neoforged.neoforge.client.event.TextureAtlasStitchedEvent to a broken mod state
[12may2026 22:51:19.879] [Render thread/INFO] [net.minecraft.client.renderer.texture.TextureAtlas/]: Created: 256x256x4 minecraft:textures/atlas/signs.png-atlas
[12may2026 22:51:19.884] [Render thread/ERROR] [net.neoforged.fml.ModLoader/]: Cowardly refusing to send event net.neoforged.neoforge.client.event.TextureAtlasStitchedEvent to a broken mod state
[12may2026 22:51:19.884] [Render thread/INFO] [net.minecraft.client.renderer.texture.TextureAtlas/]: Created: 512x512x4 minecraft:textures/atlas/shield_patterns.png-atlas
[12may2026 22:51:19.899] [Render thread/ERROR] [net.neoforged.fml.ModLoader/]: Cowardly refusing to send event net.neoforged.neoforge.client.event.TextureAtlasStitchedEvent to a broken mod state
[12may2026 22:51:19.900] [Render thread/INFO] [net.minecraft.client.renderer.texture.TextureAtlas/]: Created: 512x512x4 minecraft:textures/atlas/banner_patterns.png-atlas
[12may2026 22:51:19.910] [Render thread/ERROR] [net.neoforged.fml.ModLoader/]: Cowardly refusing to send event net.neoforged.neoforge.client.event.TextureAtlasStitchedEvent to a broken mod state
[12may2026 22:51:19.910] [Render thread/INFO] [net.minecraft.client.renderer.texture.TextureAtlas/]: Created: 1024x1024x4 minecraft:textures/atlas/armor_trims.png-atlas
[12may2026 22:51:19.982] [Render thread/ERROR] [net.neoforged.fml.ModLoader/]: Cowardly refusing to send event net.neoforged.neoforge.client.event.TextureAtlasStitchedEvent to a broken mod state
[12may2026 22:51:19.982] [Render thread/INFO] [net.minecraft.client.renderer.texture.TextureAtlas/]: Created: 128x64x4 minecraft:textures/atlas/decorated_pot.png-atlas
[12may2026 22:51:19.985] [Render thread/ERROR] [net.neoforged.fml.ModLoader/]: Cowardly refusing to send event net.neoforged.neoforge.client.event.TextureAtlasStitchedEvent to a broken mod state
[12may2026 22:51:19.985] [Render thread/INFO] [net.minecraft.client.renderer.texture.TextureAtlas/]: Created: 256x256x4 minecraft:textures/atlas/chest.png-atlas
[12may2026 22:51:19.988] [Render thread/ERROR] [net.neoforged.fml.ModLoader/]: Cowardly refusing to send event net.neoforged.neoforge.client.event.TextureAtlasStitchedEvent to a broken mod state
[12may2026 22:51:19.988] [Render thread/INFO] [net.minecraft.client.renderer.texture.TextureAtlas/]: Created: 512x256x4 minecraft:textures/atlas/shulker_boxes.png-atlas
[12may2026 22:51:19.993] [Render thread/ERROR] [net.neoforged.fml.ModLoader/]: Cowardly refusing to send event net.neoforged.neoforge.client.event.TextureAtlasStitchedEvent to a broken mod state
[12may2026 22:51:19.994] [Render thread/INFO] [net.minecraft.client.renderer.texture.TextureAtlas/]: Created: 512x256x4 minecraft:textures/atlas/beds.png-atlas
[12may2026 22:51:19.997] [Render thread/ERROR] [net.neoforged.fml.ModLoader/]: Cowardly refusing to send event net.neoforged.neoforge.client.event.TextureAtlasStitchedEvent to a broken mod state
[12may2026 22:51:19.997] [Render thread/ERROR] [net.neoforged.fml.ModLoader/]: Cowardly refusing to send event net.neoforged.neoforge.client.event.ModelEvent$BakingCompleted to a broken mod state
[12may2026 22:51:20.161] [Render thread/ERROR] [net.neoforged.fml.ModLoader/]: Cowardly refusing to send event net.neoforged.neoforge.client.event.EntityRenderersEvent$CreateSkullModels to a broken mod state
[12may2026 22:51:20.163] [Render thread/ERROR] [net.neoforged.fml.ModLoader/]: Cowardly refusing to send event net.neoforged.neoforge.client.event.EntityRenderersEvent$CreateSkullModels to a broken mod state
[12may2026 22:51:20.380] [Render thread/ERROR] [net.neoforged.fml.ModLoader/]: Cowardly refusing to send event net.neoforged.neoforge.client.event.EntityRenderersEvent$CreateSkullModels to a broken mod state
[12may2026 22:51:20.388] [Render thread/ERROR] [net.neoforged.fml.ModLoader/]: Cowardly refusing to send event net.neoforged.neoforge.client.event.EntityRenderersEvent$CreateSkullModels to a broken mod state
[12may2026 22:51:20.394] [Render thread/ERROR] [net.neoforged.fml.ModLoader/]: Cowardly refusing to send event net.neoforged.neoforge.client.event.EntityRenderersEvent$CreateSkullModels to a broken mod state
[12may2026 22:51:20.395] [Render thread/ERROR] [net.neoforged.fml.ModLoader/]: Cowardly refusing to send event net.neoforged.neoforge.client.event.EntityRenderersEvent$CreateSkullModels to a broken mod state
[12may2026 22:51:20.396] [Render thread/ERROR] [net.neoforged.fml.ModLoader/]: Cowardly refusing to send event net.neoforged.neoforge.client.event.EntityRenderersEvent$CreateSkullModels to a broken mod state
[12may2026 22:51:20.401] [Render thread/ERROR] [net.neoforged.fml.ModLoader/]: Cowardly refusing to send event net.neoforged.neoforge.client.event.EntityRenderersEvent$CreateSkullModels to a broken mod state
[12may2026 22:51:20.402] [Render thread/ERROR] [net.neoforged.fml.ModLoader/]: Cowardly refusing to send event net.neoforged.neoforge.client.event.EntityRenderersEvent$CreateSkullModels to a broken mod state
[12may2026 22:51:20.407] [Render thread/ERROR] [net.neoforged.fml.ModLoader/]: Cowardly refusing to send event net.neoforged.neoforge.client.event.EntityRenderersEvent$CreateSkullModels to a broken mod state
[12may2026 22:51:20.416] [Render thread/ERROR] [net.neoforged.fml.ModLoader/]: Cowardly refusing to send event net.neoforged.neoforge.client.event.EntityRenderersEvent$CreateSkullModels to a broken mod state
[12may2026 22:51:20.417] [Render thread/ERROR] [net.neoforged.fml.ModLoader/]: Cowardly refusing to send event net.neoforged.neoforge.client.event.EntityRenderersEvent$CreateSkullModels to a broken mod state
[12may2026 22:51:20.418] [Render thread/ERROR] [net.neoforged.fml.ModLoader/]: Cowardly refusing to send event net.neoforged.neoforge.client.event.EntityRenderersEvent$CreateSkullModels to a broken mod state
[12may2026 22:51:20.422] [Render thread/ERROR] [net.neoforged.fml.ModLoader/]: Cowardly refusing to send event net.neoforged.neoforge.client.event.EntityRenderersEvent$CreateSkullModels to a broken mod state
[12may2026 22:51:20.428] [Render thread/ERROR] [net.neoforged.fml.ModLoader/]: Cowardly refusing to send event net.neoforged.neoforge.client.event.EntityRenderersEvent$CreateSkullModels to a broken mod state
[12may2026 22:51:20.429] [Render thread/ERROR] [net.neoforged.fml.ModLoader/]: Cowardly refusing to send event net.neoforged.neoforge.client.event.EntityRenderersEvent$CreateSkullModels to a broken mod state
[12may2026 22:51:20.432] [Render thread/ERROR] [net.neoforged.fml.ModLoader/]: Cowardly refusing to send event net.neoforged.neoforge.client.event.EntityRenderersEvent$CreateSkullModels to a broken mod state
[12may2026 22:51:20.433] [Render thread/ERROR] [net.neoforged.fml.ModLoader/]: Cowardly refusing to send event net.neoforged.neoforge.client.event.EntityRenderersEvent$CreateSkullModels to a broken mod state
[12may2026 22:51:20.443] [Render thread/ERROR] [net.neoforged.fml.ModLoader/]: Cowardly refusing to send event net.neoforged.neoforge.client.event.EntityRenderersEvent$CreateSkullModels to a broken mod state
[12may2026 22:51:20.444] [Render thread/ERROR] [net.neoforged.fml.ModLoader/]: Cowardly refusing to send event net.neoforged.neoforge.client.event.EntityRenderersEvent$CreateSkullModels to a broken mod state
[12may2026 22:51:20.453] [Render thread/ERROR] [net.neoforged.fml.ModLoader/]: Cowardly refusing to send event net.neoforged.neoforge.client.event.EntityRenderersEvent$CreateSkullModels to a broken mod state
[12may2026 22:51:20.454] [Render thread/ERROR] [net.neoforged.fml.ModLoader/]: Cowardly refusing to send event net.neoforged.neoforge.client.event.EntityRenderersEvent$CreateSkullModels to a broken mod state
[12may2026 22:51:20.454] [Render thread/ERROR] [net.neoforged.fml.ModLoader/]: Cowardly refusing to send event net.neoforged.neoforge.client.event.EntityRenderersEvent$AddLayers to a broken mod state
[12may2026 22:51:20.455] [Render thread/INFO] [net.minecraft.client.renderer.texture.TextureAtlas/]: Created: 512x256x0 minecraft:textures/atlas/particles.png-atlas
[12may2026 22:51:20.510] [Render thread/ERROR] [net.neoforged.fml.ModLoader/]: Cowardly refusing to send event net.neoforged.neoforge.client.event.TextureAtlasStitchedEvent to a broken mod state
[12may2026 22:51:20.512] [Render thread/INFO] [net.minecraft.client.renderer.texture.TextureAtlas/]: Created: 512x256x0 minecraft:textures/atlas/paintings.png-atlas
[12may2026 22:51:20.531] [Render thread/ERROR] [net.neoforged.fml.ModLoader/]: Cowardly refusing to send event net.neoforged.neoforge.client.event.TextureAtlasStitchedEvent to a broken mod state
[12may2026 22:51:20.532] [Render thread/INFO] [net.minecraft.client.renderer.texture.TextureAtlas/]: Created: 256x128x0 minecraft:textures/atlas/mob_effects.png-atlas
[12may2026 22:51:20.544] [Render thread/ERROR] [net.neoforged.fml.ModLoader/]: Cowardly refusing to send event net.neoforged.neoforge.client.event.TextureAtlasStitchedEvent to a broken mod state
[12may2026 22:51:20.545] [Render thread/INFO] [net.minecraft.client.renderer.texture.TextureAtlas/]: Created: 64x64x0 minecraft:textures/atlas/map_decorations.png-atlas
[12may2026 22:51:20.555] [Render thread/ERROR] [net.neoforged.fml.ModLoader/]: Cowardly refusing to send event net.neoforged.neoforge.client.event.TextureAtlasStitchedEvent to a broken mod state
[12may2026 22:51:20.555] [Render thread/INFO] [net.minecraft.client.renderer.texture.TextureAtlas/]: Created: 1024x512x0 minecraft:textures/atlas/gui.png-atlas
[12may2026 22:51:20.665] [Render thread/ERROR] [net.neoforged.fml.ModLoader/]: Cowardly refusing to send event net.neoforged.neoforge.client.event.TextureAtlasStitchedEvent to a broken mod state
[12may2026 22:51:20.803] [Render thread/WARN] [net.minecraft.client.renderer.ShaderInstance/]: Shader rendertype_entity_translucent_emissive could not find sampler named Sampler2 in the specified shader program.
[12may2026 22:51:21.038] [Render thread/ERROR] [net.neoforged.fml.ModLoader/]: Cowardly refusing to send event net.neoforged.neoforge.client.event.RegisterShadersEvent to a broken mod state
[12may2026 22:51:21.439] [Render thread/ERROR] [net.minecraft.CrashReport/]: Negative index in crash report handler (0/28)
[12may2026 22:51:21.479] [Render thread/FATAL] [net.neoforged.neoforge.client.loading.ClientModLoader/]: Crash report saved to .\crash-reports\crash-2026-05-12_22.51.21-fml.txt
[12may2026 22:52:01.580] [Render thread/INFO] [net.minecraft.client.Minecraft/]: Stopping!
[12may2026 22:52:01.608] [Render thread/WARN] [net.minecraft.client.renderer.texture.TextureManager/]: Failed to load texture: minecraft:textures/gui/title/background/panorama_0.png
java.nio.file.NoSuchFileException: C:\Users\sebas\OneDrive\Escritorio\code folder sigma\forge-1.20.1-47.2.0-mdk\.gradle\8.5\caches\minecraft\assets\objects\dc\dca189017c6b77dc6e55ebfb0baca2b645b6e4cd
	at java.base/sun.nio.fs.WindowsException.translateToIOException(WindowsException.java:85) ~[?:?]
	at java.base/sun.nio.fs.WindowsException.rethrowAsIOException(WindowsException.java:103) ~[?:?]
	at java.base/sun.nio.fs.WindowsException.rethrowAsIOException(WindowsException.java:108) ~[?:?]
	at java.base/sun.nio.fs.WindowsFileSystemProvider.newByteChannel(WindowsFileSystemProvider.java:234) ~[?:?]
	at java.base/java.nio.file.Files.newByteChannel(Files.java:380) ~[?:?]
	at TRANSFORMER/minecraft@1.21.1/net.minecraft.server.packs.linkfs.LinkFSProvider.newByteChannel(LinkFSProvider.java:66) ~[neoforge-21.1.87.jar%23189!/:?]
	at java.base/java.nio.file.Files.newByteChannel(Files.java:380) ~[?:?]
	at java.base/java.nio.file.Files.newByteChannel(Files.java:432) ~[?:?]
	at java.base/java.nio.file.spi.FileSystemProvider.newInputStream(FileSystemProvider.java:420) ~[?:?]
	at java.base/java.nio.file.Files.newInputStream(Files.java:160) ~[?:?]
	at TRANSFORMER/minecraft@1.21.1/net.minecraft.server.packs.resources.IoSupplier.lambda$create$0(IoSupplier.java:13) ~[neoforge-21.1.87.jar%23189!/:?]
	at TRANSFORMER/minecraft@1.21.1/net.minecraft.server.packs.resources.Resource.open(Resource.java:46) ~[neoforge-21.1.87.jar%23189!/:?]
	at TRANSFORMER/minecraft@1.21.1/net.minecraft.client.renderer.texture.SimpleTexture$TextureImage.load(SimpleTexture.java:86) ~[neoforge-21.1.87.jar%23189!/:?]
	at TRANSFORMER/minecraft@1.21.1/net.minecraft.client.renderer.texture.SimpleTexture.getTextureImage(SimpleTexture.java:57) ~[neoforge-21.1.87.jar%23189!/:?]
	at TRANSFORMER/minecraft@1.21.1/net.minecraft.client.renderer.texture.SimpleTexture.load(SimpleTexture.java:30) ~[neoforge-21.1.87.jar%23189!/:?]
	at TRANSFORMER/minecraft@1.21.1/net.minecraft.client.renderer.texture.TextureManager.loadTexture(TextureManager.java:92) ~[neoforge-21.1.87.jar%23189!/:?]
	at TRANSFORMER/minecraft@1.21.1/net.minecraft.client.renderer.texture.TextureManager.register(TextureManager.java:63) ~[neoforge-21.1.87.jar%23189!/:?]
	at TRANSFORMER/minecraft@1.21.1/net.minecraft.client.renderer.texture.TextureManager.getTexture(TextureManager.java:113) ~[neoforge-21.1.87.jar%23189!/:?]
	at TRANSFORMER/minecraft@1.21.1/com.mojang.blaze3d.systems.RenderSystem._setShaderTexture(RenderSystem.java:725) ~[neoforge-21.1.87.jar%23189!/:?]
	at TRANSFORMER/minecraft@1.21.1/com.mojang.blaze3d.systems.RenderSystem.setShaderTexture(RenderSystem.java:718) ~[neoforge-21.1.87.jar%23189!/:?]
	at TRANSFORMER/minecraft@1.21.1/net.minecraft.client.renderer.CubeMap.render(CubeMap.java:57) ~[neoforge-21.1.87.jar%23189!/:?]
	at TRANSFORMER/minecraft@1.21.1/net.minecraft.client.renderer.PanoramaRenderer.render(PanoramaRenderer.java:27) ~[neoforge-21.1.87.jar%23189!/:?]
	at TRANSFORMER/minecraft@1.21.1/net.minecraft.client.gui.screens.Screen.renderPanorama(Screen.java:375) ~[neoforge-21.1.87.jar%23189!/:?]
	at TRANSFORMER/minecraft@1.21.1/net.minecraft.client.gui.screens.Screen.renderBackground(Screen.java:359) ~[neoforge-21.1.87.jar%23189!/:?]
	at TRANSFORMER/minecraft@1.21.1/net.minecraft.client.gui.screens.Screen.render(Screen.java:122) ~[neoforge-21.1.87.jar%23189!/:?]
	at TRANSFORMER/minecraft@1.21.1/net.minecraft.client.gui.screens.ProgressScreen.render(ProgressScreen.java:70) ~[neoforge-21.1.87.jar%23189!/:?]
	at TRANSFORMER/minecraft@1.21.1/net.minecraft.client.gui.screens.Screen.renderWithTooltip(Screen.java:112) ~[neoforge-21.1.87.jar%23189!/:?]
	at TRANSFORMER/neoforge@21.1.87/net.neoforged.neoforge.client.ClientHooks.drawScreenInternal(ClientHooks.java:429) ~[neoforge-21.1.87.jar%23190!/:?]
	at TRANSFORMER/neoforge@21.1.87/net.neoforged.neoforge.client.ClientHooks.drawScreen(ClientHooks.java:423) ~[neoforge-21.1.87.jar%23190!/:?]
	at TRANSFORMER/minecraft@1.21.1/net.minecraft.client.renderer.GameRenderer.render(GameRenderer.java:1092) ~[neoforge-21.1.87.jar%23189!/:?]
	at TRANSFORMER/minecraft@1.21.1/net.minecraft.client.Minecraft.runTick(Minecraft.java:1195) ~[neoforge-21.1.87.jar%23189!/:?]
	at TRANSFORMER/minecraft@1.21.1/net.minecraft.client.Minecraft.updateScreenAndTick(Minecraft.java:2224) ~[neoforge-21.1.87.jar%23189!/:?]
	at TRANSFORMER/minecraft@1.21.1/net.minecraft.client.Minecraft.disconnect(Minecraft.java:2158) ~[neoforge-21.1.87.jar%23189!/:?]
	at TRANSFORMER/minecraft@1.21.1/net.minecraft.client.Minecraft.disconnect(Minecraft.java:2127) ~[neoforge-21.1.87.jar%23189!/:?]
	at TRANSFORMER/minecraft@1.21.1/net.minecraft.client.Minecraft.destroy(Minecraft.java:1086) ~[neoforge-21.1.87.jar%23189!/:?]
	at TRANSFORMER/minecraft@1.21.1/net.minecraft.client.main.Main.main(Main.java:236) ~[neoforge-21.1.87.jar%23189!/:?]
	at java.base/jdk.internal.reflect.DirectMethodHandleAccessor.invoke(DirectMethodHandleAccessor.java:103) ~[?:?]
	at java.base/java.lang.reflect.Method.invoke(Method.java:580) ~[?:?]
	at MC-BOOTSTRAP/fml_loader@4.0.34/net.neoforged.fml.loading.targets.CommonLaunchHandler.runTarget(CommonLaunchHandler.java:136) ~[loader-4.0.34.jar%23143!/:4.0]
	at MC-BOOTSTRAP/fml_loader@4.0.34/net.neoforged.fml.loading.targets.CommonLaunchHandler.clientService(CommonLaunchHandler.java:124) ~[loader-4.0.34.jar%23143!/:4.0]
	at MC-BOOTSTRAP/fml_loader@4.0.34/net.neoforged.fml.loading.targets.NeoForgeClientUserdevLaunchHandler.runService(NeoForgeClientUserdevLaunchHandler.java:23) ~[loader-4.0.34.jar%23143!/:4.0]
	at MC-BOOTSTRAP/fml_loader@4.0.34/net.neoforged.fml.loading.targets.CommonLaunchHandler.lambda$launchService$4(CommonLaunchHandler.java:118) ~[loader-4.0.34.jar%23143!/:4.0]
	at MC-BOOTSTRAP/cpw.mods.modlauncher@11.0.4/cpw.mods.modlauncher.LaunchServiceHandlerDecorator.launch(LaunchServiceHandlerDecorator.java:30) [modlauncher-11.0.4.jar%23125!/:?]
	at MC-BOOTSTRAP/cpw.mods.modlauncher@11.0.4/cpw.mods.modlauncher.LaunchServiceHandler.launch(LaunchServiceHandler.java:53) [modlauncher-11.0.4.jar%23125!/:?]
	at MC-BOOTSTRAP/cpw.mods.modlauncher@11.0.4/cpw.mods.modlauncher.LaunchServiceHandler.launch(LaunchServiceHandler.java:71) [modlauncher-11.0.4.jar%23125!/:?]
	at MC-BOOTSTRAP/cpw.mods.modlauncher@11.0.4/cpw.mods.modlauncher.Launcher.run(Launcher.java:103) [modlauncher-11.0.4.jar%23125!/:?]
	at MC-BOOTSTRAP/cpw.mods.modlauncher@11.0.4/cpw.mods.modlauncher.Launcher.main(Launcher.java:74) [modlauncher-11.0.4.jar%23125!/:?]
	at MC-BOOTSTRAP/cpw.mods.modlauncher@11.0.4/cpw.mods.modlauncher.BootstrapLaunchConsumer.accept(BootstrapLaunchConsumer.java:26) [modlauncher-11.0.4.jar%23125!/:?]
	at MC-BOOTSTRAP/cpw.mods.modlauncher@11.0.4/cpw.mods.modlauncher.BootstrapLaunchConsumer.accept(BootstrapLaunchConsumer.java:23) [modlauncher-11.0.4.jar%23125!/:?]
	at cpw.mods.bootstraplauncher@2.0.2/cpw.mods.bootstraplauncher.BootstrapLauncher.run(BootstrapLauncher.java:210) [bootstraplauncher-2.0.2.jar:?]
	at cpw.mods.bootstraplauncher@2.0.2/cpw.mods.bootstraplauncher.BootstrapLauncher.main(BootstrapLauncher.java:69) [bootstraplauncher-2.0.2.jar:?]
[12may2026 22:52:01.624] [Render thread/WARN] [net.minecraft.client.renderer.texture.TextureManager/]: Failed to load texture: minecraft:textures/gui/title/background/panorama_1.png
java.nio.file.NoSuchFileException: C:\Users\sebas\OneDrive\Escritorio\code folder sigma\forge-1.20.1-47.2.0-mdk\.gradle\8.5\caches\minecraft\assets\objects\97\97d080a6827e54904eb7bbe0f04df20eb9070d1a
	at java.base/sun.nio.fs.WindowsException.translateToIOException(WindowsException.java:85) ~[?:?]
	at java.base/sun.nio.fs.WindowsException.rethrowAsIOException(WindowsException.java:103) ~[?:?]
	at java.base/sun.nio.fs.WindowsException.rethrowAsIOException(WindowsException.java:108) ~[?:?]
	at java.base/sun.nio.fs.WindowsFileSystemProvider.newByteChannel(WindowsFileSystemProvider.java:234) ~[?:?]
	at java.base/java.nio.file.Files.newByteChannel(Files.java:380) ~[?:?]
	at TRANSFORMER/minecraft@1.21.1/net.minecraft.server.packs.linkfs.LinkFSProvider.newByteChannel(LinkFSProvider.java:66) ~[neoforge-21.1.87.jar%23189!/:?]
	at java.base/java.nio.file.Files.newByteChannel(Files.java:380) ~[?:?]
	at java.base/java.nio.file.Files.newByteChannel(Files.java:432) ~[?:?]
	at java.base/java.nio.file.spi.FileSystemProvider.newInputStream(FileSystemProvider.java:420) ~[?:?]
	at java.base/java.nio.file.Files.newInputStream(Files.java:160) ~[?:?]
	at TRANSFORMER/minecraft@1.21.1/net.minecraft.server.packs.resources.IoSupplier.lambda$create$0(IoSupplier.java:13) ~[neoforge-21.1.87.jar%23189!/:?]
	at TRANSFORMER/minecraft@1.21.1/net.minecraft.server.packs.resources.Resource.open(Resource.java:46) ~[neoforge-21.1.87.jar%23189!/:?]
	at TRANSFORMER/minecraft@1.21.1/net.minecraft.client.renderer.texture.SimpleTexture$TextureImage.load(SimpleTexture.java:86) ~[neoforge-21.1.87.jar%23189!/:?]
	at TRANSFORMER/minecraft@1.21.1/net.minecraft.client.renderer.texture.SimpleTexture.getTextureImage(SimpleTexture.java:57) ~[neoforge-21.1.87.jar%23189!/:?]
	at TRANSFORMER/minecraft@1.21.1/net.minecraft.client.renderer.texture.SimpleTexture.load(SimpleTexture.java:30) ~[neoforge-21.1.87.jar%23189!/:?]
	at TRANSFORMER/minecraft@1.21.1/net.minecraft.client.renderer.texture.TextureManager.loadTexture(TextureManager.java:92) ~[neoforge-21.1.87.jar%23189!/:?]
	at TRANSFORMER/minecraft@1.21.1/net.minecraft.client.renderer.texture.TextureManager.register(TextureManager.java:63) ~[neoforge-21.1.87.jar%23189!/:?]
	at TRANSFORMER/minecraft@1.21.1/net.minecraft.client.renderer.texture.TextureManager.getTexture(TextureManager.java:113) ~[neoforge-21.1.87.jar%23189!/:?]
	at TRANSFORMER/minecraft@1.21.1/com.mojang.blaze3d.systems.RenderSystem._setShaderTexture(RenderSystem.java:725) ~[neoforge-21.1.87.jar%23189!/:?]
	at TRANSFORMER/minecraft@1.21.1/com.mojang.blaze3d.systems.RenderSystem.setShaderTexture(RenderSystem.java:718) ~[neoforge-21.1.87.jar%23189!/:?]
	at TRANSFORMER/minecraft@1.21.1/net.minecraft.client.renderer.CubeMap.render(CubeMap.java:57) ~[neoforge-21.1.87.jar%23189!/:?]
	at TRANSFORMER/minecraft@1.21.1/net.minecraft.client.renderer.PanoramaRenderer.render(PanoramaRenderer.java:27) ~[neoforge-21.1.87.jar%23189!/:?]
	at TRANSFORMER/minecraft@1.21.1/net.minecraft.client.gui.screens.Screen.renderPanorama(Screen.java:375) ~[neoforge-21.1.87.jar%23189!/:?]
	at TRANSFORMER/minecraft@1.21.1/net.minecraft.client.gui.screens.Screen.renderBackground(Screen.java:359) ~[neoforge-21.1.87.jar%23189!/:?]
	at TRANSFORMER/minecraft@1.21.1/net.minecraft.client.gui.screens.Screen.render(Screen.java:122) ~[neoforge-21.1.87.jar%23189!/:?]
	at TRANSFORMER/minecraft@1.21.1/net.minecraft.client.gui.screens.ProgressScreen.render(ProgressScreen.java:70) ~[neoforge-21.1.87.jar%23189!/:?]
	at TRANSFORMER/minecraft@1.21.1/net.minecraft.client.gui.screens.Screen.renderWithTooltip(Screen.java:112) ~[neoforge-21.1.87.jar%23189!/:?]
	at TRANSFORMER/neoforge@21.1.87/net.neoforged.neoforge.client.ClientHooks.drawScreenInternal(ClientHooks.java:429) ~[neoforge-21.1.87.jar%23190!/:?]
	at TRANSFORMER/neoforge@21.1.87/net.neoforged.neoforge.client.ClientHooks.drawScreen(ClientHooks.java:423) ~[neoforge-21.1.87.jar%23190!/:?]
	at TRANSFORMER/minecraft@1.21.1/net.minecraft.client.renderer.GameRenderer.render(GameRenderer.java:1092) ~[neoforge-21.1.87.jar%23189!/:?]
	at TRANSFORMER/minecraft@1.21.1/net.minecraft.client.Minecraft.runTick(Minecraft.java:1195) ~[neoforge-21.1.87.jar%23189!/:?]
	at TRANSFORMER/minecraft@1.21.1/net.minecraft.client.Minecraft.updateScreenAndTick(Minecraft.java:2224) ~[neoforge-21.1.87.jar%23189!/:?]
	at TRANSFORMER/minecraft@1.21.1/net.minecraft.client.Minecraft.disconnect(Minecraft.java:2158) ~[neoforge-21.1.87.jar%23189!/:?]
	at TRANSFORMER/minecraft@1.21.1/net.minecraft.client.Minecraft.disconnect(Minecraft.java:2127) ~[neoforge-21.1.87.jar%23189!/:?]
	at TRANSFORMER/minecraft@1.21.1/net.minecraft.client.Minecraft.destroy(Minecraft.java:1086) ~[neoforge-21.1.87.jar%23189!/:?]
	at TRANSFORMER/minecraft@1.21.1/net.minecraft.client.main.Main.main(Main.java:236) ~[neoforge-21.1.87.jar%23189!/:?]
	at java.base/jdk.internal.reflect.DirectMethodHandleAccessor.invoke(DirectMethodHandleAccessor.java:103) ~[?:?]
	at java.base/java.lang.reflect.Method.invoke(Method.java:580) ~[?:?]
	at MC-BOOTSTRAP/fml_loader@4.0.34/net.neoforged.fml.loading.targets.CommonLaunchHandler.runTarget(CommonLaunchHandler.java:136) ~[loader-4.0.34.jar%23143!/:4.0]
	at MC-BOOTSTRAP/fml_loader@4.0.34/net.neoforged.fml.loading.targets.CommonLaunchHandler.clientService(CommonLaunchHandler.java:124) ~[loader-4.0.34.jar%23143!/:4.0]
	at MC-BOOTSTRAP/fml_loader@4.0.34/net.neoforged.fml.loading.targets.NeoForgeClientUserdevLaunchHandler.runService(NeoForgeClientUserdevLaunchHandler.java:23) ~[loader-4.0.34.jar%23143!/:4.0]
	at MC-BOOTSTRAP/fml_loader@4.0.34/net.neoforged.fml.loading.targets.CommonLaunchHandler.lambda$launchService$4(CommonLaunchHandler.java:118) ~[loader-4.0.34.jar%23143!/:4.0]
	at MC-BOOTSTRAP/cpw.mods.modlauncher@11.0.4/cpw.mods.modlauncher.LaunchServiceHandlerDecorator.launch(LaunchServiceHandlerDecorator.java:30) [modlauncher-11.0.4.jar%23125!/:?]
	at MC-BOOTSTRAP/cpw.mods.modlauncher@11.0.4/cpw.mods.modlauncher.LaunchServiceHandler.launch(LaunchServiceHandler.java:53) [modlauncher-11.0.4.jar%23125!/:?]
	at MC-BOOTSTRAP/cpw.mods.modlauncher@11.0.4/cpw.mods.modlauncher.LaunchServiceHandler.launch(LaunchServiceHandler.java:71) [modlauncher-11.0.4.jar%23125!/:?]
	at MC-BOOTSTRAP/cpw.mods.modlauncher@11.0.4/cpw.mods.modlauncher.Launcher.run(Launcher.java:103) [modlauncher-11.0.4.jar%23125!/:?]
	at MC-BOOTSTRAP/cpw.mods.modlauncher@11.0.4/cpw.mods.modlauncher.Launcher.main(Launcher.java:74) [modlauncher-11.0.4.jar%23125!/:?]
	at MC-BOOTSTRAP/cpw.mods.modlauncher@11.0.4/cpw.mods.modlauncher.BootstrapLaunchConsumer.accept(BootstrapLaunchConsumer.java:26) [modlauncher-11.0.4.jar%23125!/:?]
	at MC-BOOTSTRAP/cpw.mods.modlauncher@11.0.4/cpw.mods.modlauncher.BootstrapLaunchConsumer.accept(BootstrapLaunchConsumer.java:23) [modlauncher-11.0.4.jar%23125!/:?]
	at cpw.mods.bootstraplauncher@2.0.2/cpw.mods.bootstraplauncher.BootstrapLauncher.run(BootstrapLauncher.java:210) [bootstraplauncher-2.0.2.jar:?]
	at cpw.mods.bootstraplauncher@2.0.2/cpw.mods.bootstraplauncher.BootstrapLauncher.main(BootstrapLauncher.java:69) [bootstraplauncher-2.0.2.jar:?]
[12may2026 22:52:01.625] [Render thread/WARN] [net.minecraft.client.renderer.texture.TextureManager/]: Failed to load texture: minecraft:textures/gui/title/background/panorama_2.png
java.nio.file.NoSuchFileException: C:\Users\sebas\OneDrive\Escritorio\code folder sigma\forge-1.20.1-47.2.0-mdk\.gradle\8.5\caches\minecraft\assets\objects\d7\d79ff13dd8ff2f7b8d497a7516db1bb2d86d2ab8
	at java.base/sun.nio.fs.WindowsException.translateToIOException(WindowsException.java:85) ~[?:?]
	at java.base/sun.nio.fs.WindowsException.rethrowAsIOException(WindowsException.java:103) ~[?:?]
	at java.base/sun.nio.fs.WindowsException.rethrowAsIOException(WindowsException.java:108) ~[?:?]
	at java.base/sun.nio.fs.WindowsFileSystemProvider.newByteChannel(WindowsFileSystemProvider.java:234) ~[?:?]
	at java.base/java.nio.file.Files.newByteChannel(Files.java:380) ~[?:?]
	at TRANSFORMER/minecraft@1.21.1/net.minecraft.server.packs.linkfs.LinkFSProvider.newByteChannel(LinkFSProvider.java:66) ~[neoforge-21.1.87.jar%23189!/:?]
	at java.base/java.nio.file.Files.newByteChannel(Files.java:380) ~[?:?]
	at java.base/java.nio.file.Files.newByteChannel(Files.java:432) ~[?:?]
	at java.base/java.nio.file.spi.FileSystemProvider.newInputStream(FileSystemProvider.java:420) ~[?:?]
	at java.base/java.nio.file.Files.newInputStream(Files.java:160) ~[?:?]
	at TRANSFORMER/minecraft@1.21.1/net.minecraft.server.packs.resources.IoSupplier.lambda$create$0(IoSupplier.java:13) ~[neoforge-21.1.87.jar%23189!/:?]
	at TRANSFORMER/minecraft@1.21.1/net.minecraft.server.packs.resources.Resource.open(Resource.java:46) ~[neoforge-21.1.87.jar%23189!/:?]
	at TRANSFORMER/minecraft@1.21.1/net.minecraft.client.renderer.texture.SimpleTexture$TextureImage.load(SimpleTexture.java:86) ~[neoforge-21.1.87.jar%23189!/:?]
	at TRANSFORMER/minecraft@1.21.1/net.minecraft.client.renderer.texture.SimpleTexture.getTextureImage(SimpleTexture.java:57) ~[neoforge-21.1.87.jar%23189!/:?]
	at TRANSFORMER/minecraft@1.21.1/net.minecraft.client.renderer.texture.SimpleTexture.load(SimpleTexture.java:30) ~[neoforge-21.1.87.jar%23189!/:?]
	at TRANSFORMER/minecraft@1.21.1/net.minecraft.client.renderer.texture.TextureManager.loadTexture(TextureManager.java:92) ~[neoforge-21.1.87.jar%23189!/:?]
	at TRANSFORMER/minecraft@1.21.1/net.minecraft.client.renderer.texture.TextureManager.register(TextureManager.java:63) ~[neoforge-21.1.87.jar%23189!/:?]
	at TRANSFORMER/minecraft@1.21.1/net.minecraft.client.renderer.texture.TextureManager.getTexture(TextureManager.java:113) ~[neoforge-21.1.87.jar%23189!/:?]
	at TRANSFORMER/minecraft@1.21.1/com.mojang.blaze3d.systems.RenderSystem._setShaderTexture(RenderSystem.java:725) ~[neoforge-21.1.87.jar%23189!/:?]
	at TRANSFORMER/minecraft@1.21.1/com.mojang.blaze3d.systems.RenderSystem.setShaderTexture(RenderSystem.java:718) ~[neoforge-21.1.87.jar%23189!/:?]
	at TRANSFORMER/minecraft@1.21.1/net.minecraft.client.renderer.CubeMap.render(CubeMap.java:57) ~[neoforge-21.1.87.jar%23189!/:?]
	at TRANSFORMER/minecraft@1.21.1/net.minecraft.client.renderer.PanoramaRenderer.render(PanoramaRenderer.java:27) ~[neoforge-21.1.87.jar%23189!/:?]
	at TRANSFORMER/minecraft@1.21.1/net.minecraft.client.gui.screens.Screen.renderPanorama(Screen.java:375) ~[neoforge-21.1.87.jar%23189!/:?]
	at TRANSFORMER/minecraft@1.21.1/net.minecraft.client.gui.screens.Screen.renderBackground(Screen.java:359) ~[neoforge-21.1.87.jar%23189!/:?]
	at TRANSFORMER/minecraft@1.21.1/net.minecraft.client.gui.screens.Screen.render(Screen.java:122) ~[neoforge-21.1.87.jar%23189!/:?]
	at TRANSFORMER/minecraft@1.21.1/net.minecraft.client.gui.screens.ProgressScreen.render(ProgressScreen.java:70) ~[neoforge-21.1.87.jar%23189!/:?]
	at TRANSFORMER/minecraft@1.21.1/net.minecraft.client.gui.screens.Screen.renderWithTooltip(Screen.java:112) ~[neoforge-21.1.87.jar%23189!/:?]
	at TRANSFORMER/neoforge@21.1.87/net.neoforged.neoforge.client.ClientHooks.drawScreenInternal(ClientHooks.java:429) ~[neoforge-21.1.87.jar%23190!/:?]
	at TRANSFORMER/neoforge@21.1.87/net.neoforged.neoforge.client.ClientHooks.drawScreen(ClientHooks.java:423) ~[neoforge-21.1.87.jar%23190!/:?]
	at TRANSFORMER/minecraft@1.21.1/net.minecraft.client.renderer.GameRenderer.render(GameRenderer.java:1092) ~[neoforge-21.1.87.jar%23189!/:?]
	at TRANSFORMER/minecraft@1.21.1/net.minecraft.client.Minecraft.runTick(Minecraft.java:1195) ~[neoforge-21.1.87.jar%23189!/:?]
	at TRANSFORMER/minecraft@1.21.1/net.minecraft.client.Minecraft.updateScreenAndTick(Minecraft.java:2224) ~[neoforge-21.1.87.jar%23189!/:?]
	at TRANSFORMER/minecraft@1.21.1/net.minecraft.client.Minecraft.disconnect(Minecraft.java:2158) ~[neoforge-21.1.87.jar%23189!/:?]
	at TRANSFORMER/minecraft@1.21.1/net.minecraft.client.Minecraft.disconnect(Minecraft.java:2127) ~[neoforge-21.1.87.jar%23189!/:?]
	at TRANSFORMER/minecraft@1.21.1/net.minecraft.client.Minecraft.destroy(Minecraft.java:1086) ~[neoforge-21.1.87.jar%23189!/:?]
	at TRANSFORMER/minecraft@1.21.1/net.minecraft.client.main.Main.main(Main.java:236) ~[neoforge-21.1.87.jar%23189!/:?]
	at java.base/jdk.internal.reflect.DirectMethodHandleAccessor.invoke(DirectMethodHandleAccessor.java:103) ~[?:?]
	at java.base/java.lang.reflect.Method.invoke(Method.java:580) ~[?:?]
	at MC-BOOTSTRAP/fml_loader@4.0.34/net.neoforged.fml.loading.targets.CommonLaunchHandler.runTarget(CommonLaunchHandler.java:136) ~[loader-4.0.34.jar%23143!/:4.0]
	at MC-BOOTSTRAP/fml_loader@4.0.34/net.neoforged.fml.loading.targets.CommonLaunchHandler.clientService(CommonLaunchHandler.java:124) ~[loader-4.0.34.jar%23143!/:4.0]
	at MC-BOOTSTRAP/fml_loader@4.0.34/net.neoforged.fml.loading.targets.NeoForgeClientUserdevLaunchHandler.runService(NeoForgeClientUserdevLaunchHandler.java:23) ~[loader-4.0.34.jar%23143!/:4.0]
	at MC-BOOTSTRAP/fml_loader@4.0.34/net.neoforged.fml.loading.targets.CommonLaunchHandler.lambda$launchService$4(CommonLaunchHandler.java:118) ~[loader-4.0.34.jar%23143!/:4.0]
	at MC-BOOTSTRAP/cpw.mods.modlauncher@11.0.4/cpw.mods.modlauncher.LaunchServiceHandlerDecorator.launch(LaunchServiceHandlerDecorator.java:30) [modlauncher-11.0.4.jar%23125!/:?]
	at MC-BOOTSTRAP/cpw.mods.modlauncher@11.0.4/cpw.mods.modlauncher.LaunchServiceHandler.launch(LaunchServiceHandler.java:53) [modlauncher-11.0.4.jar%23125!/:?]
	at MC-BOOTSTRAP/cpw.mods.modlauncher@11.0.4/cpw.mods.modlauncher.LaunchServiceHandler.launch(LaunchServiceHandler.java:71) [modlauncher-11.0.4.jar%23125!/:?]
	at MC-BOOTSTRAP/cpw.mods.modlauncher@11.0.4/cpw.mods.modlauncher.Launcher.run(Launcher.java:103) [modlauncher-11.0.4.jar%23125!/:?]
	at MC-BOOTSTRAP/cpw.mods.modlauncher@11.0.4/cpw.mods.modlauncher.Launcher.main(Launcher.java:74) [modlauncher-11.0.4.jar%23125!/:?]
	at MC-BOOTSTRAP/cpw.mods.modlauncher@11.0.4/cpw.mods.modlauncher.BootstrapLaunchConsumer.accept(BootstrapLaunchConsumer.java:26) [modlauncher-11.0.4.jar%23125!/:?]
	at MC-BOOTSTRAP/cpw.mods.modlauncher@11.0.4/cpw.mods.modlauncher.BootstrapLaunchConsumer.accept(BootstrapLaunchConsumer.java:23) [modlauncher-11.0.4.jar%23125!/:?]
	at cpw.mods.bootstraplauncher@2.0.2/cpw.mods.bootstraplauncher.BootstrapLauncher.run(BootstrapLauncher.java:210) [bootstraplauncher-2.0.2.jar:?]
	at cpw.mods.bootstraplauncher@2.0.2/cpw.mods.bootstraplauncher.BootstrapLauncher.main(BootstrapLauncher.java:69) [bootstraplauncher-2.0.2.jar:?]
[12may2026 22:52:01.629] [Render thread/WARN] [net.minecraft.client.renderer.texture.TextureManager/]: Failed to load texture: minecraft:textures/gui/title/background/panorama_3.png
java.nio.file.NoSuchFileException: C:\Users\sebas\OneDrive\Escritorio\code folder sigma\forge-1.20.1-47.2.0-mdk\.gradle\8.5\caches\minecraft\assets\objects\b6\b6265425a2c765dd5fc286d5f355a812cad938e2
	at java.base/sun.nio.fs.WindowsException.translateToIOException(WindowsException.java:85) ~[?:?]
	at java.base/sun.nio.fs.WindowsException.rethrowAsIOException(WindowsException.java:103) ~[?:?]
	at java.base/sun.nio.fs.WindowsException.rethrowAsIOException(WindowsException.java:108) ~[?:?]
	at java.base/sun.nio.fs.WindowsFileSystemProvider.newByteChannel(WindowsFileSystemProvider.java:234) ~[?:?]
	at java.base/java.nio.file.Files.newByteChannel(Files.java:380) ~[?:?]
	at TRANSFORMER/minecraft@1.21.1/net.minecraft.server.packs.linkfs.LinkFSProvider.newByteChannel(LinkFSProvider.java:66) ~[neoforge-21.1.87.jar%23189!/:?]
	at java.base/java.nio.file.Files.newByteChannel(Files.java:380) ~[?:?]
	at java.base/java.nio.file.Files.newByteChannel(Files.java:432) ~[?:?]
	at java.base/java.nio.file.spi.FileSystemProvider.newInputStream(FileSystemProvider.java:420) ~[?:?]
	at java.base/java.nio.file.Files.newInputStream(Files.java:160) ~[?:?]
	at TRANSFORMER/minecraft@1.21.1/net.minecraft.server.packs.resources.IoSupplier.lambda$create$0(IoSupplier.java:13) ~[neoforge-21.1.87.jar%23189!/:?]
	at TRANSFORMER/minecraft@1.21.1/net.minecraft.server.packs.resources.Resource.open(Resource.java:46) ~[neoforge-21.1.87.jar%23189!/:?]
	at TRANSFORMER/minecraft@1.21.1/net.minecraft.client.renderer.texture.SimpleTexture$TextureImage.load(SimpleTexture.java:86) ~[neoforge-21.1.87.jar%23189!/:?]
	at TRANSFORMER/minecraft@1.21.1/net.minecraft.client.renderer.texture.SimpleTexture.getTextureImage(SimpleTexture.java:57) ~[neoforge-21.1.87.jar%23189!/:?]
	at TRANSFORMER/minecraft@1.21.1/net.minecraft.client.renderer.texture.SimpleTexture.load(SimpleTexture.java:30) ~[neoforge-21.1.87.jar%23189!/:?]
	at TRANSFORMER/minecraft@1.21.1/net.minecraft.client.renderer.texture.TextureManager.loadTexture(TextureManager.java:92) ~[neoforge-21.1.87.jar%23189!/:?]
	at TRANSFORMER/minecraft@1.21.1/net.minecraft.client.renderer.texture.TextureManager.register(TextureManager.java:63) ~[neoforge-21.1.87.jar%23189!/:?]
	at TRANSFORMER/minecraft@1.21.1/net.minecraft.client.renderer.texture.TextureManager.getTexture(TextureManager.java:113) ~[neoforge-21.1.87.jar%23189!/:?]
	at TRANSFORMER/minecraft@1.21.1/com.mojang.blaze3d.systems.RenderSystem._setShaderTexture(RenderSystem.java:725) ~[neoforge-21.1.87.jar%23189!/:?]
	at TRANSFORMER/minecraft@1.21.1/com.mojang.blaze3d.systems.RenderSystem.setShaderTexture(RenderSystem.java:718) ~[neoforge-21.1.87.jar%23189!/:?]
	at TRANSFORMER/minecraft@1.21.1/net.minecraft.client.renderer.CubeMap.render(CubeMap.java:57) ~[neoforge-21.1.87.jar%23189!/:?]
	at TRANSFORMER/minecraft@1.21.1/net.minecraft.client.renderer.PanoramaRenderer.render(PanoramaRenderer.java:27) ~[neoforge-21.1.87.jar%23189!/:?]
	at TRANSFORMER/minecraft@1.21.1/net.minecraft.client.gui.screens.Screen.renderPanorama(Screen.java:375) ~[neoforge-21.1.87.jar%23189!/:?]
	at TRANSFORMER/minecraft@1.21.1/net.minecraft.client.gui.screens.Screen.renderBackground(Screen.java:359) ~[neoforge-21.1.87.jar%23189!/:?]
	at TRANSFORMER/minecraft@1.21.1/net.minecraft.client.gui.screens.Screen.render(Screen.java:122) ~[neoforge-21.1.87.jar%23189!/:?]
	at TRANSFORMER/minecraft@1.21.1/net.minecraft.client.gui.screens.ProgressScreen.render(ProgressScreen.java:70) ~[neoforge-21.1.87.jar%23189!/:?]
	at TRANSFORMER/minecraft@1.21.1/net.minecraft.client.gui.screens.Screen.renderWithTooltip(Screen.java:112) ~[neoforge-21.1.87.jar%23189!/:?]
	at TRANSFORMER/neoforge@21.1.87/net.neoforged.neoforge.client.ClientHooks.drawScreenInternal(ClientHooks.java:429) ~[neoforge-21.1.87.jar%23190!/:?]
	at TRANSFORMER/neoforge@21.1.87/net.neoforged.neoforge.client.ClientHooks.drawScreen(ClientHooks.java:423) ~[neoforge-21.1.87.jar%23190!/:?]
	at TRANSFORMER/minecraft@1.21.1/net.minecraft.client.renderer.GameRenderer.render(GameRenderer.java:1092) ~[neoforge-21.1.87.jar%23189!/:?]
	at TRANSFORMER/minecraft@1.21.1/net.minecraft.client.Minecraft.runTick(Minecraft.java:1195) ~[neoforge-21.1.87.jar%23189!/:?]
	at TRANSFORMER/minecraft@1.21.1/net.minecraft.client.Minecraft.updateScreenAndTick(Minecraft.java:2224) ~[neoforge-21.1.87.jar%23189!/:?]
	at TRANSFORMER/minecraft@1.21.1/net.minecraft.client.Minecraft.disconnect(Minecraft.java:2158) ~[neoforge-21.1.87.jar%23189!/:?]
	at TRANSFORMER/minecraft@1.21.1/net.minecraft.client.Minecraft.disconnect(Minecraft.java:2127) ~[neoforge-21.1.87.jar%23189!/:?]
	at TRANSFORMER/minecraft@1.21.1/net.minecraft.client.Minecraft.destroy(Minecraft.java:1086) ~[neoforge-21.1.87.jar%23189!/:?]
	at TRANSFORMER/minecraft@1.21.1/net.minecraft.client.main.Main.main(Main.java:236) ~[neoforge-21.1.87.jar%23189!/:?]
	at java.base/jdk.internal.reflect.DirectMethodHandleAccessor.invoke(DirectMethodHandleAccessor.java:103) ~[?:?]
	at java.base/java.lang.reflect.Method.invoke(Method.java:580) ~[?:?]
	at MC-BOOTSTRAP/fml_loader@4.0.34/net.neoforged.fml.loading.targets.CommonLaunchHandler.runTarget(CommonLaunchHandler.java:136) ~[loader-4.0.34.jar%23143!/:4.0]
	at MC-BOOTSTRAP/fml_loader@4.0.34/net.neoforged.fml.loading.targets.CommonLaunchHandler.clientService(CommonLaunchHandler.java:124) ~[loader-4.0.34.jar%23143!/:4.0]
	at MC-BOOTSTRAP/fml_loader@4.0.34/net.neoforged.fml.loading.targets.NeoForgeClientUserdevLaunchHandler.runService(NeoForgeClientUserdevLaunchHandler.java:23) ~[loader-4.0.34.jar%23143!/:4.0]
	at MC-BOOTSTRAP/fml_loader@4.0.34/net.neoforged.fml.loading.targets.CommonLaunchHandler.lambda$launchService$4(CommonLaunchHandler.java:118) ~[loader-4.0.34.jar%23143!/:4.0]
	at MC-BOOTSTRAP/cpw.mods.modlauncher@11.0.4/cpw.mods.modlauncher.LaunchServiceHandlerDecorator.launch(LaunchServiceHandlerDecorator.java:30) [modlauncher-11.0.4.jar%23125!/:?]
	at MC-BOOTSTRAP/cpw.mods.modlauncher@11.0.4/cpw.mods.modlauncher.LaunchServiceHandler.launch(LaunchServiceHandler.java:53) [modlauncher-11.0.4.jar%23125!/:?]
	at MC-BOOTSTRAP/cpw.mods.modlauncher@11.0.4/cpw.mods.modlauncher.LaunchServiceHandler.launch(LaunchServiceHandler.java:71) [modlauncher-11.0.4.jar%23125!/:?]
	at MC-BOOTSTRAP/cpw.mods.modlauncher@11.0.4/cpw.mods.modlauncher.Launcher.run(Launcher.java:103) [modlauncher-11.0.4.jar%23125!/:?]
	at MC-BOOTSTRAP/cpw.mods.modlauncher@11.0.4/cpw.mods.modlauncher.Launcher.main(Launcher.java:74) [modlauncher-11.0.4.jar%23125!/:?]
	at MC-BOOTSTRAP/cpw.mods.modlauncher@11.0.4/cpw.mods.modlauncher.BootstrapLaunchConsumer.accept(BootstrapLaunchConsumer.java:26) [modlauncher-11.0.4.jar%23125!/:?]
	at MC-BOOTSTRAP/cpw.mods.modlauncher@11.0.4/cpw.mods.modlauncher.BootstrapLaunchConsumer.accept(BootstrapLaunchConsumer.java:23) [modlauncher-11.0.4.jar%23125!/:?]
	at cpw.mods.bootstraplauncher@2.0.2/cpw.mods.bootstraplauncher.BootstrapLauncher.run(BootstrapLauncher.java:210) [bootstraplauncher-2.0.2.jar:?]
	at cpw.mods.bootstraplauncher@2.0.2/cpw.mods.bootstraplauncher.BootstrapLauncher.main(BootstrapLauncher.java:69) [bootstraplauncher-2.0.2.jar:?]
[12may2026 22:52:01.631] [Render thread/WARN] [net.minecraft.client.renderer.texture.TextureManager/]: Failed to load texture: minecraft:textures/gui/title/background/panorama_4.png
java.nio.file.NoSuchFileException: C:\Users\sebas\OneDrive\Escritorio\code folder sigma\forge-1.20.1-47.2.0-mdk\.gradle\8.5\caches\minecraft\assets\objects\ce\cec25b0246d77e6f1dcef0d051ccb328ba39227a
	at java.base/sun.nio.fs.WindowsException.translateToIOException(WindowsException.java:85) ~[?:?]
	at java.base/sun.nio.fs.WindowsException.rethrowAsIOException(WindowsException.java:103) ~[?:?]
	at java.base/sun.nio.fs.WindowsException.rethrowAsIOException(WindowsException.java:108) ~[?:?]
	at java.base/sun.nio.fs.WindowsFileSystemProvider.newByteChannel(WindowsFileSystemProvider.java:234) ~[?:?]
	at java.base/java.nio.file.Files.newByteChannel(Files.java:380) ~[?:?]
	at TRANSFORMER/minecraft@1.21.1/net.minecraft.server.packs.linkfs.LinkFSProvider.newByteChannel(LinkFSProvider.java:66) ~[neoforge-21.1.87.jar%23189!/:?]
	at java.base/java.nio.file.Files.newByteChannel(Files.java:380) ~[?:?]
	at java.base/java.nio.file.Files.newByteChannel(Files.java:432) ~[?:?]
	at java.base/java.nio.file.spi.FileSystemProvider.newInputStream(FileSystemProvider.java:420) ~[?:?]
	at java.base/java.nio.file.Files.newInputStream(Files.java:160) ~[?:?]
	at TRANSFORMER/minecraft@1.21.1/net.minecraft.server.packs.resources.IoSupplier.lambda$create$0(IoSupplier.java:13) ~[neoforge-21.1.87.jar%23189!/:?]
	at TRANSFORMER/minecraft@1.21.1/net.minecraft.server.packs.resources.Resource.open(Resource.java:46) ~[neoforge-21.1.87.jar%23189!/:?]
	at TRANSFORMER/minecraft@1.21.1/net.minecraft.client.renderer.texture.SimpleTexture$TextureImage.load(SimpleTexture.java:86) ~[neoforge-21.1.87.jar%23189!/:?]
	at TRANSFORMER/minecraft@1.21.1/net.minecraft.client.renderer.texture.SimpleTexture.getTextureImage(SimpleTexture.java:57) ~[neoforge-21.1.87.jar%23189!/:?]
	at TRANSFORMER/minecraft@1.21.1/net.minecraft.client.renderer.texture.SimpleTexture.load(SimpleTexture.java:30) ~[neoforge-21.1.87.jar%23189!/:?]
	at TRANSFORMER/minecraft@1.21.1/net.minecraft.client.renderer.texture.TextureManager.loadTexture(TextureManager.java:92) ~[neoforge-21.1.87.jar%23189!/:?]
	at TRANSFORMER/minecraft@1.21.1/net.minecraft.client.renderer.texture.TextureManager.register(TextureManager.java:63) ~[neoforge-21.1.87.jar%23189!/:?]
	at TRANSFORMER/minecraft@1.21.1/net.minecraft.client.renderer.texture.TextureManager.getTexture(TextureManager.java:113) ~[neoforge-21.1.87.jar%23189!/:?]
	at TRANSFORMER/minecraft@1.21.1/com.mojang.blaze3d.systems.RenderSystem._setShaderTexture(RenderSystem.java:725) ~[neoforge-21.1.87.jar%23189!/:?]
	at TRANSFORMER/minecraft@1.21.1/com.mojang.blaze3d.systems.RenderSystem.setShaderTexture(RenderSystem.java:718) ~[neoforge-21.1.87.jar%23189!/:?]
	at TRANSFORMER/minecraft@1.21.1/net.minecraft.client.renderer.CubeMap.render(CubeMap.java:57) ~[neoforge-21.1.87.jar%23189!/:?]
	at TRANSFORMER/minecraft@1.21.1/net.minecraft.client.renderer.PanoramaRenderer.render(PanoramaRenderer.java:27) ~[neoforge-21.1.87.jar%23189!/:?]
	at TRANSFORMER/minecraft@1.21.1/net.minecraft.client.gui.screens.Screen.renderPanorama(Screen.java:375) ~[neoforge-21.1.87.jar%23189!/:?]
	at TRANSFORMER/minecraft@1.21.1/net.minecraft.client.gui.screens.Screen.renderBackground(Screen.java:359) ~[neoforge-21.1.87.jar%23189!/:?]
	at TRANSFORMER/minecraft@1.21.1/net.minecraft.client.gui.screens.Screen.render(Screen.java:122) ~[neoforge-21.1.87.jar%23189!/:?]
	at TRANSFORMER/minecraft@1.21.1/net.minecraft.client.gui.screens.ProgressScreen.render(ProgressScreen.java:70) ~[neoforge-21.1.87.jar%23189!/:?]
	at TRANSFORMER/minecraft@1.21.1/net.minecraft.client.gui.screens.Screen.renderWithTooltip(Screen.java:112) ~[neoforge-21.1.87.jar%23189!/:?]
	at TRANSFORMER/neoforge@21.1.87/net.neoforged.neoforge.client.ClientHooks.drawScreenInternal(ClientHooks.java:429) ~[neoforge-21.1.87.jar%23190!/:?]
	at TRANSFORMER/neoforge@21.1.87/net.neoforged.neoforge.client.ClientHooks.drawScreen(ClientHooks.java:423) ~[neoforge-21.1.87.jar%23190!/:?]
	at TRANSFORMER/minecraft@1.21.1/net.minecraft.client.renderer.GameRenderer.render(GameRenderer.java:1092) ~[neoforge-21.1.87.jar%23189!/:?]
	at TRANSFORMER/minecraft@1.21.1/net.minecraft.client.Minecraft.runTick(Minecraft.java:1195) ~[neoforge-21.1.87.jar%23189!/:?]
	at TRANSFORMER/minecraft@1.21.1/net.minecraft.client.Minecraft.updateScreenAndTick(Minecraft.java:2224) ~[neoforge-21.1.87.jar%23189!/:?]
	at TRANSFORMER/minecraft@1.21.1/net.minecraft.client.Minecraft.disconnect(Minecraft.java:2158) ~[neoforge-21.1.87.jar%23189!/:?]
	at TRANSFORMER/minecraft@1.21.1/net.minecraft.client.Minecraft.disconnect(Minecraft.java:2127) ~[neoforge-21.1.87.jar%23189!/:?]
	at TRANSFORMER/minecraft@1.21.1/net.minecraft.client.Minecraft.destroy(Minecraft.java:1086) ~[neoforge-21.1.87.jar%23189!/:?]
	at TRANSFORMER/minecraft@1.21.1/net.minecraft.client.main.Main.main(Main.java:236) ~[neoforge-21.1.87.jar%23189!/:?]
	at java.base/jdk.internal.reflect.DirectMethodHandleAccessor.invoke(DirectMethodHandleAccessor.java:103) ~[?:?]
	at java.base/java.lang.reflect.Method.invoke(Method.java:580) ~[?:?]
	at MC-BOOTSTRAP/fml_loader@4.0.34/net.neoforged.fml.loading.targets.CommonLaunchHandler.runTarget(CommonLaunchHandler.java:136) ~[loader-4.0.34.jar%23143!/:4.0]
	at MC-BOOTSTRAP/fml_loader@4.0.34/net.neoforged.fml.loading.targets.CommonLaunchHandler.clientService(CommonLaunchHandler.java:124) ~[loader-4.0.34.jar%23143!/:4.0]
	at MC-BOOTSTRAP/fml_loader@4.0.34/net.neoforged.fml.loading.targets.NeoForgeClientUserdevLaunchHandler.runService(NeoForgeClientUserdevLaunchHandler.java:23) ~[loader-4.0.34.jar%23143!/:4.0]
	at MC-BOOTSTRAP/fml_loader@4.0.34/net.neoforged.fml.loading.targets.CommonLaunchHandler.lambda$launchService$4(CommonLaunchHandler.java:118) ~[loader-4.0.34.jar%23143!/:4.0]
	at MC-BOOTSTRAP/cpw.mods.modlauncher@11.0.4/cpw.mods.modlauncher.LaunchServiceHandlerDecorator.launch(LaunchServiceHandlerDecorator.java:30) [modlauncher-11.0.4.jar%23125!/:?]
	at MC-BOOTSTRAP/cpw.mods.modlauncher@11.0.4/cpw.mods.modlauncher.LaunchServiceHandler.launch(LaunchServiceHandler.java:53) [modlauncher-11.0.4.jar%23125!/:?]
	at MC-BOOTSTRAP/cpw.mods.modlauncher@11.0.4/cpw.mods.modlauncher.LaunchServiceHandler.launch(LaunchServiceHandler.java:71) [modlauncher-11.0.4.jar%23125!/:?]
	at MC-BOOTSTRAP/cpw.mods.modlauncher@11.0.4/cpw.mods.modlauncher.Launcher.run(Launcher.java:103) [modlauncher-11.0.4.jar%23125!/:?]
	at MC-BOOTSTRAP/cpw.mods.modlauncher@11.0.4/cpw.mods.modlauncher.Launcher.main(Launcher.java:74) [modlauncher-11.0.4.jar%23125!/:?]
	at MC-BOOTSTRAP/cpw.mods.modlauncher@11.0.4/cpw.mods.modlauncher.BootstrapLaunchConsumer.accept(BootstrapLaunchConsumer.java:26) [modlauncher-11.0.4.jar%23125!/:?]
	at MC-BOOTSTRAP/cpw.mods.modlauncher@11.0.4/cpw.mods.modlauncher.BootstrapLaunchConsumer.accept(BootstrapLaunchConsumer.java:23) [modlauncher-11.0.4.jar%23125!/:?]
	at cpw.mods.bootstraplauncher@2.0.2/cpw.mods.bootstraplauncher.BootstrapLauncher.run(BootstrapLauncher.java:210) [bootstraplauncher-2.0.2.jar:?]
	at cpw.mods.bootstraplauncher@2.0.2/cpw.mods.bootstraplauncher.BootstrapLauncher.main(BootstrapLauncher.java:69) [bootstraplauncher-2.0.2.jar:?]
[12may2026 22:52:01.633] [Render thread/WARN] [net.minecraft.client.renderer.texture.TextureManager/]: Failed to load texture: minecraft:textures/gui/title/background/panorama_5.png
java.nio.file.NoSuchFileException: C:\Users\sebas\OneDrive\Escritorio\code folder sigma\forge-1.20.1-47.2.0-mdk\.gradle\8.5\caches\minecraft\assets\objects\74\74703134a27a57d2de96860bca55d447759c0edc
	at java.base/sun.nio.fs.WindowsException.translateToIOException(WindowsException.java:85) ~[?:?]
	at java.base/sun.nio.fs.WindowsException.rethrowAsIOException(WindowsException.java:103) ~[?:?]
	at java.base/sun.nio.fs.WindowsException.rethrowAsIOException(WindowsException.java:108) ~[?:?]
	at java.base/sun.nio.fs.WindowsFileSystemProvider.newByteChannel(WindowsFileSystemProvider.java:234) ~[?:?]
	at java.base/java.nio.file.Files.newByteChannel(Files.java:380) ~[?:?]
	at TRANSFORMER/minecraft@1.21.1/net.minecraft.server.packs.linkfs.LinkFSProvider.newByteChannel(LinkFSProvider.java:66) ~[neoforge-21.1.87.jar%23189!/:?]
	at java.base/java.nio.file.Files.newByteChannel(Files.java:380) ~[?:?]
	at java.base/java.nio.file.Files.newByteChannel(Files.java:432) ~[?:?]
	at java.base/java.nio.file.spi.FileSystemProvider.newInputStream(FileSystemProvider.java:420) ~[?:?]
	at java.base/java.nio.file.Files.newInputStream(Files.java:160) ~[?:?]
	at TRANSFORMER/minecraft@1.21.1/net.minecraft.server.packs.resources.IoSupplier.lambda$create$0(IoSupplier.java:13) ~[neoforge-21.1.87.jar%23189!/:?]
	at TRANSFORMER/minecraft@1.21.1/net.minecraft.server.packs.resources.Resource.open(Resource.java:46) ~[neoforge-21.1.87.jar%23189!/:?]
	at TRANSFORMER/minecraft@1.21.1/net.minecraft.client.renderer.texture.SimpleTexture$TextureImage.load(SimpleTexture.java:86) ~[neoforge-21.1.87.jar%23189!/:?]
	at TRANSFORMER/minecraft@1.21.1/net.minecraft.client.renderer.texture.SimpleTexture.getTextureImage(SimpleTexture.java:57) ~[neoforge-21.1.87.jar%23189!/:?]
	at TRANSFORMER/minecraft@1.21.1/net.minecraft.client.renderer.texture.SimpleTexture.load(SimpleTexture.java:30) ~[neoforge-21.1.87.jar%23189!/:?]
	at TRANSFORMER/minecraft@1.21.1/net.minecraft.client.renderer.texture.TextureManager.loadTexture(TextureManager.java:92) ~[neoforge-21.1.87.jar%23189!/:?]
	at TRANSFORMER/minecraft@1.21.1/net.minecraft.client.renderer.texture.TextureManager.register(TextureManager.java:63) ~[neoforge-21.1.87.jar%23189!/:?]
	at TRANSFORMER/minecraft@1.21.1/net.minecraft.client.renderer.texture.TextureManager.getTexture(TextureManager.java:113) ~[neoforge-21.1.87.jar%23189!/:?]
	at TRANSFORMER/minecraft@1.21.1/com.mojang.blaze3d.systems.RenderSystem._setShaderTexture(RenderSystem.java:725) ~[neoforge-21.1.87.jar%23189!/:?]
	at TRANSFORMER/minecraft@1.21.1/com.mojang.blaze3d.systems.RenderSystem.setShaderTexture(RenderSystem.java:718) ~[neoforge-21.1.87.jar%23189!/:?]
	at TRANSFORMER/minecraft@1.21.1/net.minecraft.client.renderer.CubeMap.render(CubeMap.java:57) ~[neoforge-21.1.87.jar%23189!/:?]
	at TRANSFORMER/minecraft@1.21.1/net.minecraft.client.renderer.PanoramaRenderer.render(PanoramaRenderer.java:27) ~[neoforge-21.1.87.jar%23189!/:?]
	at TRANSFORMER/minecraft@1.21.1/net.minecraft.client.gui.screens.Screen.renderPanorama(Screen.java:375) ~[neoforge-21.1.87.jar%23189!/:?]
	at TRANSFORMER/minecraft@1.21.1/net.minecraft.client.gui.screens.Screen.renderBackground(Screen.java:359) ~[neoforge-21.1.87.jar%23189!/:?]
	at TRANSFORMER/minecraft@1.21.1/net.minecraft.client.gui.screens.Screen.render(Screen.java:122) ~[neoforge-21.1.87.jar%23189!/:?]
	at TRANSFORMER/minecraft@1.21.1/net.minecraft.client.gui.screens.ProgressScreen.render(ProgressScreen.java:70) ~[neoforge-21.1.87.jar%23189!/:?]
	at TRANSFORMER/minecraft@1.21.1/net.minecraft.client.gui.screens.Screen.renderWithTooltip(Screen.java:112) ~[neoforge-21.1.87.jar%23189!/:?]
	at TRANSFORMER/neoforge@21.1.87/net.neoforged.neoforge.client.ClientHooks.drawScreenInternal(ClientHooks.java:429) ~[neoforge-21.1.87.jar%23190!/:?]
	at TRANSFORMER/neoforge@21.1.87/net.neoforged.neoforge.client.ClientHooks.drawScreen(ClientHooks.java:423) ~[neoforge-21.1.87.jar%23190!/:?]
	at TRANSFORMER/minecraft@1.21.1/net.minecraft.client.renderer.GameRenderer.render(GameRenderer.java:1092) ~[neoforge-21.1.87.jar%23189!/:?]
	at TRANSFORMER/minecraft@1.21.1/net.minecraft.client.Minecraft.runTick(Minecraft.java:1195) ~[neoforge-21.1.87.jar%23189!/:?]
	at TRANSFORMER/minecraft@1.21.1/net.minecraft.client.Minecraft.updateScreenAndTick(Minecraft.java:2224) ~[neoforge-21.1.87.jar%23189!/:?]
	at TRANSFORMER/minecraft@1.21.1/net.minecraft.client.Minecraft.disconnect(Minecraft.java:2158) ~[neoforge-21.1.87.jar%23189!/:?]
	at TRANSFORMER/minecraft@1.21.1/net.minecraft.client.Minecraft.disconnect(Minecraft.java:2127) ~[neoforge-21.1.87.jar%23189!/:?]
	at TRANSFORMER/minecraft@1.21.1/net.minecraft.client.Minecraft.destroy(Minecraft.java:1086) ~[neoforge-21.1.87.jar%23189!/:?]
	at TRANSFORMER/minecraft@1.21.1/net.minecraft.client.main.Main.main(Main.java:236) ~[neoforge-21.1.87.jar%23189!/:?]
	at java.base/jdk.internal.reflect.DirectMethodHandleAccessor.invoke(DirectMethodHandleAccessor.java:103) ~[?:?]
	at java.base/java.lang.reflect.Method.invoke(Method.java:580) ~[?:?]
	at MC-BOOTSTRAP/fml_loader@4.0.34/net.neoforged.fml.loading.targets.CommonLaunchHandler.runTarget(CommonLaunchHandler.java:136) ~[loader-4.0.34.jar%23143!/:4.0]
	at MC-BOOTSTRAP/fml_loader@4.0.34/net.neoforged.fml.loading.targets.CommonLaunchHandler.clientService(CommonLaunchHandler.java:124) ~[loader-4.0.34.jar%23143!/:4.0]
	at MC-BOOTSTRAP/fml_loader@4.0.34/net.neoforged.fml.loading.targets.NeoForgeClientUserdevLaunchHandler.runService(NeoForgeClientUserdevLaunchHandler.java:23) ~[loader-4.0.34.jar%23143!/:4.0]
	at MC-BOOTSTRAP/fml_loader@4.0.34/net.neoforged.fml.loading.targets.CommonLaunchHandler.lambda$launchService$4(CommonLaunchHandler.java:118) ~[loader-4.0.34.jar%23143!/:4.0]
	at MC-BOOTSTRAP/cpw.mods.modlauncher@11.0.4/cpw.mods.modlauncher.LaunchServiceHandlerDecorator.launch(LaunchServiceHandlerDecorator.java:30) [modlauncher-11.0.4.jar%23125!/:?]
	at MC-BOOTSTRAP/cpw.mods.modlauncher@11.0.4/cpw.mods.modlauncher.LaunchServiceHandler.launch(LaunchServiceHandler.java:53) [modlauncher-11.0.4.jar%23125!/:?]
	at MC-BOOTSTRAP/cpw.mods.modlauncher@11.0.4/cpw.mods.modlauncher.LaunchServiceHandler.launch(LaunchServiceHandler.java:71) [modlauncher-11.0.4.jar%23125!/:?]
	at MC-BOOTSTRAP/cpw.mods.modlauncher@11.0.4/cpw.mods.modlauncher.Launcher.run(Launcher.java:103) [modlauncher-11.0.4.jar%23125!/:?]
	at MC-BOOTSTRAP/cpw.mods.modlauncher@11.0.4/cpw.mods.modlauncher.Launcher.main(Launcher.java:74) [modlauncher-11.0.4.jar%23125!/:?]
	at MC-BOOTSTRAP/cpw.mods.modlauncher@11.0.4/cpw.mods.modlauncher.BootstrapLaunchConsumer.accept(BootstrapLaunchConsumer.java:26) [modlauncher-11.0.4.jar%23125!/:?]
	at MC-BOOTSTRAP/cpw.mods.modlauncher@11.0.4/cpw.mods.modlauncher.BootstrapLaunchConsumer.accept(BootstrapLaunchConsumer.java:23) [modlauncher-11.0.4.jar%23125!/:?]
	at cpw.mods.bootstraplauncher@2.0.2/cpw.mods.bootstraplauncher.BootstrapLauncher.run(BootstrapLauncher.java:210) [bootstraplauncher-2.0.2.jar:?]
	at cpw.mods.bootstraplauncher@2.0.2/cpw.mods.bootstraplauncher.BootstrapLauncher.main(BootstrapLauncher.java:69) [bootstraplauncher-2.0.2.jar:?]
[12may2026 22:52:01.635] [Render thread/WARN] [net.minecraft.client.renderer.texture.TextureManager/]: Failed to load texture: minecraft:textures/gui/title/background/panorama_overlay.png
java.nio.file.NoSuchFileException: C:\Users\sebas\OneDrive\Escritorio\code folder sigma\forge-1.20.1-47.2.0-mdk\.gradle\8.5\caches\minecraft\assets\objects\9d\9dd32387135eefa7ab95996d52a5ca4cec8a3b30
	at java.base/sun.nio.fs.WindowsException.translateToIOException(WindowsException.java:85) ~[?:?]
	at java.base/sun.nio.fs.WindowsException.rethrowAsIOException(WindowsException.java:103) ~[?:?]
	at java.base/sun.nio.fs.WindowsException.rethrowAsIOException(WindowsException.java:108) ~[?:?]
	at java.base/sun.nio.fs.WindowsFileSystemProvider.newByteChannel(WindowsFileSystemProvider.java:234) ~[?:?]
	at java.base/java.nio.file.Files.newByteChannel(Files.java:380) ~[?:?]
	at TRANSFORMER/minecraft@1.21.1/net.minecraft.server.packs.linkfs.LinkFSProvider.newByteChannel(LinkFSProvider.java:66) ~[neoforge-21.1.87.jar%23189!/:?]
	at java.base/java.nio.file.Files.newByteChannel(Files.java:380) ~[?:?]
	at java.base/java.nio.file.Files.newByteChannel(Files.java:432) ~[?:?]
	at java.base/java.nio.file.spi.FileSystemProvider.newInputStream(FileSystemProvider.java:420) ~[?:?]
	at java.base/java.nio.file.Files.newInputStream(Files.java:160) ~[?:?]
	at TRANSFORMER/minecraft@1.21.1/net.minecraft.server.packs.resources.IoSupplier.lambda$create$0(IoSupplier.java:13) ~[neoforge-21.1.87.jar%23189!/:?]
	at TRANSFORMER/minecraft@1.21.1/net.minecraft.server.packs.resources.Resource.open(Resource.java:46) ~[neoforge-21.1.87.jar%23189!/:?]
	at TRANSFORMER/minecraft@1.21.1/net.minecraft.client.renderer.texture.SimpleTexture$TextureImage.load(SimpleTexture.java:86) ~[neoforge-21.1.87.jar%23189!/:?]
	at TRANSFORMER/minecraft@1.21.1/net.minecraft.client.renderer.texture.SimpleTexture.getTextureImage(SimpleTexture.java:57) ~[neoforge-21.1.87.jar%23189!/:?]
	at TRANSFORMER/minecraft@1.21.1/net.minecraft.client.renderer.texture.SimpleTexture.load(SimpleTexture.java:30) ~[neoforge-21.1.87.jar%23189!/:?]
	at TRANSFORMER/minecraft@1.21.1/net.minecraft.client.renderer.texture.TextureManager.loadTexture(TextureManager.java:92) ~[neoforge-21.1.87.jar%23189!/:?]
	at TRANSFORMER/minecraft@1.21.1/net.minecraft.client.renderer.texture.TextureManager.register(TextureManager.java:63) ~[neoforge-21.1.87.jar%23189!/:?]
	at TRANSFORMER/minecraft@1.21.1/net.minecraft.client.renderer.texture.TextureManager.getTexture(TextureManager.java:113) ~[neoforge-21.1.87.jar%23189!/:?]
	at TRANSFORMER/minecraft@1.21.1/com.mojang.blaze3d.systems.RenderSystem._setShaderTexture(RenderSystem.java:725) ~[neoforge-21.1.87.jar%23189!/:?]
	at TRANSFORMER/minecraft@1.21.1/com.mojang.blaze3d.systems.RenderSystem.setShaderTexture(RenderSystem.java:718) ~[neoforge-21.1.87.jar%23189!/:?]
	at TRANSFORMER/minecraft@1.21.1/net.minecraft.client.gui.GuiGraphics.innerBlit(GuiGraphics.java:586) ~[neoforge-21.1.87.jar%23189!/:?]
	at TRANSFORMER/minecraft@1.21.1/net.minecraft.client.gui.GuiGraphics.blit(GuiGraphics.java:560) ~[neoforge-21.1.87.jar%23189!/:?]
	at TRANSFORMER/minecraft@1.21.1/net.minecraft.client.gui.GuiGraphics.blit(GuiGraphics.java:535) ~[neoforge-21.1.87.jar%23189!/:?]
	at TRANSFORMER/minecraft@1.21.1/net.minecraft.client.renderer.PanoramaRenderer.render(PanoramaRenderer.java:30) ~[neoforge-21.1.87.jar%23189!/:?]
	at TRANSFORMER/minecraft@1.21.1/net.minecraft.client.gui.screens.Screen.renderPanorama(Screen.java:375) ~[neoforge-21.1.87.jar%23189!/:?]
	at TRANSFORMER/minecraft@1.21.1/net.minecraft.client.gui.screens.Screen.renderBackground(Screen.java:359) ~[neoforge-21.1.87.jar%23189!/:?]
	at TRANSFORMER/minecraft@1.21.1/net.minecraft.client.gui.screens.Screen.render(Screen.java:122) ~[neoforge-21.1.87.jar%23189!/:?]
	at TRANSFORMER/minecraft@1.21.1/net.minecraft.client.gui.screens.ProgressScreen.render(ProgressScreen.java:70) ~[neoforge-21.1.87.jar%23189!/:?]
	at TRANSFORMER/minecraft@1.21.1/net.minecraft.client.gui.screens.Screen.renderWithTooltip(Screen.java:112) ~[neoforge-21.1.87.jar%23189!/:?]
	at TRANSFORMER/neoforge@21.1.87/net.neoforged.neoforge.client.ClientHooks.drawScreenInternal(ClientHooks.java:429) ~[neoforge-21.1.87.jar%23190!/:?]
	at TRANSFORMER/neoforge@21.1.87/net.neoforged.neoforge.client.ClientHooks.drawScreen(ClientHooks.java:423) ~[neoforge-21.1.87.jar%23190!/:?]
	at TRANSFORMER/minecraft@1.21.1/net.minecraft.client.renderer.GameRenderer.render(GameRenderer.java:1092) ~[neoforge-21.1.87.jar%23189!/:?]
	at TRANSFORMER/minecraft@1.21.1/net.minecraft.client.Minecraft.runTick(Minecraft.java:1195) ~[neoforge-21.1.87.jar%23189!/:?]
	at TRANSFORMER/minecraft@1.21.1/net.minecraft.client.Minecraft.updateScreenAndTick(Minecraft.java:2224) ~[neoforge-21.1.87.jar%23189!/:?]
	at TRANSFORMER/minecraft@1.21.1/net.minecraft.client.Minecraft.disconnect(Minecraft.java:2158) ~[neoforge-21.1.87.jar%23189!/:?]
	at TRANSFORMER/minecraft@1.21.1/net.minecraft.client.Minecraft.disconnect(Minecraft.java:2127) ~[neoforge-21.1.87.jar%23189!/:?]
	at TRANSFORMER/minecraft@1.21.1/net.minecraft.client.Minecraft.destroy(Minecraft.java:1086) ~[neoforge-21.1.87.jar%23189!/:?]
	at TRANSFORMER/minecraft@1.21.1/net.minecraft.client.main.Main.main(Main.java:236) ~[neoforge-21.1.87.jar%23189!/:?]
	at java.base/jdk.internal.reflect.DirectMethodHandleAccessor.invoke(DirectMethodHandleAccessor.java:103) ~[?:?]
	at java.base/java.lang.reflect.Method.invoke(Method.java:580) ~[?:?]
	at MC-BOOTSTRAP/fml_loader@4.0.34/net.neoforged.fml.loading.targets.CommonLaunchHandler.runTarget(CommonLaunchHandler.java:136) ~[loader-4.0.34.jar%23143!/:4.0]
	at MC-BOOTSTRAP/fml_loader@4.0.34/net.neoforged.fml.loading.targets.CommonLaunchHandler.clientService(CommonLaunchHandler.java:124) ~[loader-4.0.34.jar%23143!/:4.0]
	at MC-BOOTSTRAP/fml_loader@4.0.34/net.neoforged.fml.loading.targets.NeoForgeClientUserdevLaunchHandler.runService(NeoForgeClientUserdevLaunchHandler.java:23) ~[loader-4.0.34.jar%23143!/:4.0]
	at MC-BOOTSTRAP/fml_loader@4.0.34/net.neoforged.fml.loading.targets.CommonLaunchHandler.lambda$launchService$4(CommonLaunchHandler.java:118) ~[loader-4.0.34.jar%23143!/:4.0]
	at MC-BOOTSTRAP/cpw.mods.modlauncher@11.0.4/cpw.mods.modlauncher.LaunchServiceHandlerDecorator.launch(LaunchServiceHandlerDecorator.java:30) [modlauncher-11.0.4.jar%23125!/:?]
	at MC-BOOTSTRAP/cpw.mods.modlauncher@11.0.4/cpw.mods.modlauncher.LaunchServiceHandler.launch(LaunchServiceHandler.java:53) [modlauncher-11.0.4.jar%23125!/:?]
	at MC-BOOTSTRAP/cpw.mods.modlauncher@11.0.4/cpw.mods.modlauncher.LaunchServiceHandler.launch(LaunchServiceHandler.java:71) [modlauncher-11.0.4.jar%23125!/:?]
	at MC-BOOTSTRAP/cpw.mods.modlauncher@11.0.4/cpw.mods.modlauncher.Launcher.run(Launcher.java:103) [modlauncher-11.0.4.jar%23125!/:?]
	at MC-BOOTSTRAP/cpw.mods.modlauncher@11.0.4/cpw.mods.modlauncher.Launcher.main(Launcher.java:74) [modlauncher-11.0.4.jar%23125!/:?]
	at MC-BOOTSTRAP/cpw.mods.modlauncher@11.0.4/cpw.mods.modlauncher.BootstrapLaunchConsumer.accept(BootstrapLaunchConsumer.java:26) [modlauncher-11.0.4.jar%23125!/:?]
	at MC-BOOTSTRAP/cpw.mods.modlauncher@11.0.4/cpw.mods.modlauncher.BootstrapLaunchConsumer.accept(BootstrapLaunchConsumer.java:23) [modlauncher-11.0.4.jar%23125!/:?]
	at cpw.mods.bootstraplauncher@2.0.2/cpw.mods.bootstraplauncher.BootstrapLauncher.run(BootstrapLauncher.java:210) [bootstraplauncher-2.0.2.jar:?]
	at cpw.mods.bootstraplauncher@2.0.2/cpw.mods.bootstraplauncher.BootstrapLauncher.main(BootstrapLauncher.java:69) [bootstraplauncher-2.0.2.jar:?]
